countryc,year,gov,trade,start,tor,bmp,priv,school,lgdp,growth,pi
AUS,1975,17.40578,28.90041,14318.07,,0,0.2494127,9.808,,,
AUS,1976,17.57426,31.20762,14564.74,0.0646804,0,0.2476122,9.808,14318.07,0.0170812,0.1268436
AUS,1977,18.1223,30.8631,14578.09,0.0696577,0,0.2595318,9.808,14564.74,0.0009163,0.1160059
AUS,1978,17.60942,32.15132,15144.27,0.037948,0,0.2629407,9.808,14578.09,0.0381025,0.076254
AUS,1979,17.35343,34.95831,15327.4,0.1440008,0,0.2610165,9.808,15144.27,0.0120202,0.0870029
AUS,1980,17.83238,33.86125,15722.82,0.1932583,0,0.2645868,10.019,15327.4,0.0254711,0.0964604
AUS,1981,18.0435,33.17373,15862.61,0.1373743,0,0.263978,10.019,15722.82,0.0088511,0.0925038
AUS,1982,18.82813,31.65774,15265.66,0.1057554,0,0.2682542,10.019,15862.61,-0.0383587,0.1056702
AUS,1983,18.3118,30.67814,15996.94,0.184685,0,0.2785638,10.019,15265.66,0.0467917,0.0963421
AUS,1984,18.50873,34.641,16579.77,0.1931159,0,0.2782419,10.019,15996.94,0.0357858,0.0387415
AUS,1985,18.65464,35.24625,17077.58,0.2863184,0,0.3199275,10.061,16579.77,0.0295834,0.065217
AUS,1986,18.53652,34.7444,17204.43,0.3490896,0,0.3749622,10.061,17077.58,0.0074001,0.0869529
AUS,1987,17.51991,34.72344,17761.86,0.5840039,0,0.3937722,10.061,17204.43,0.0318866,0.0814762
AUS,1988,16.67113,34.08369,18172.71,0.3066082,0,0.4169144,10.061,17761.86,0.0228676,0.0698224
AUS,1989,16.55095,34.35854,18430.75,0.3189516,0,0.5115991,10.061,18172.71,0.0140994,0.0728733
AUS,1990,17.49181,34.45941,18026.43,0.3132411,0,0.6163114,10.124,18430.75,-0.0221815,0.0701998
AUS,1991,18.38358,35.22558,17870.96,0.3708133,0,0.6468487,10.124,18026.43,-0.0086618,0.0317184
AUS,1992,18.25999,37.71645,18247.14,0.3199271,0,0.6433722,10.124,17870.96,0.0208311,0.0098108
AUS,1993,17.76864,38.39343,18962.35,0.3983233,0,0.6469198,10.124,18247.14,0.0384472,0.0179688
AUS,1994,17.23714,39.70749,19672.03,0.4464157,,0.6585445,10.124,18962.35,0.0367425,0.0187724
AUS,1995,16.95485,40.16049,20195.44,0.4196069,,0.692783,10.307,19672.03,0.0262589,0.0453379
AUS,1996,16.73794,39.95538,20527.25,0.6416624,0.462648,0.7152359,10.307,20195.44,0.0162965,0.0257886
AUS,1997,,42.79295,20851.28,0.5208269,2.488276,0.7434504,10.307,20527.25,0.015662,0.0025015
AUS,1998,,,21351.04,0.5178322,,0.7811955,10.307,20851.28,0.0236852,0.0084979
AUT,1975,17.44331,61.59815,18803.67,,0,0.528481,6.832,,,
AUT,1976,17.85029,65.17087,19674.73,0.0685749,0,0.545258,6.832,18803.67,0.0452827,0.0706325
AUT,1977,17.52726,65.20969,20575.67,0.0489162,0,0.5844829,6.832,19674.73,0.0447741,0.0533039
AUT,1978,18.22367,64.74067,20517.36,0.0529178,0,0.6313819,6.832,20575.67,-0.0028379,0.0351649
AUT,1979,18.14696,69.69872,21645.11,0.0514701,0,0.6650905,6.832,20517.36,0.0535081,0.0364002
AUT,1980,18.18604,73.99586,22137.18,0.0504217,0,0.7109138,8.425,21645.11,0.0224794,0.0613339
AUT,1981,18.62967,76.07967,22080.08,0.0459646,0,0.7448668,8.425,22137.18,-0.002583,0.0658521
AUT,1982,19.04087,71.68456,22474.57,0.0467089,0,0.7552812,8.425,22080.08,0.0177087,0.0529757
AUT,1983,19.03134,70.53411,23172.16,0.088521,0,0.7507086,8.425,22474.57,0.0305674,0.0328097
AUT,1984,19.09341,75.5127,23249.05,0.0755524,0,0.757953,8.425,23172.16,0.0033127,0.0551023
AUT,1985,19.30457,79.06573,23761.25,0.2263043,0,0.7839435,8.261,23249.05,0.0217918,0.0313988
AUT,1986,19.58648,70.92529,24285.28,0.2484389,0,0.803465,8.261,23761.25,0.0218142,0.0168663
AUT,1987,19.57533,69.634,24667.47,1.378831,0,0.8005975,8.261,24285.28,0.0156149,0.0139029
AUT,1988,19.31885,74.93547,25375.29,0.2487156,0,0.8294516,8.261,24667.47,0.0282906,0.0191288
AUT,1989,19.06157,78.90685,26321.81,0.7551931,0,0.8581152,8.261,25375.29,0.0366221,0.0253159
AUT,1990,18.64463,79.02957,27184.91,1.085952,0,0.8860683,8.218,26321.81,0.032264,0.0321024
AUT,1991,18.90199,78.76903,27755.77,0.7303807,0,0.9081747,8.218,27184.91,0.0207818,0.0327996
AUT,1992,19.35856,76.00287,27824.13,0.3362306,0,0.9240177,8.218,27755.77,0.0024599,0.0395068
AUT,1993,20.21198,73.35823,27696.93,0.2607843,0,0.9394549,8.218,27824.13,-0.0045819,0.0356162
AUT,1994,20.31402,75.09325,28262.98,0.5563509,,0.9255323,8.218,27696.93,0.0202313,0.0291614
AUT,1995,20.10497,77.59773,28774.54,0.8165653,,0.9351941,8.439,28262.98,0.0179379,0.0222515
AUT,1996,19.75138,82.19994,29201.8,0.6146022,1.047935,0.9585832,8.439,28774.54,0.0147394,0.0182681
AUT,1997,,84.97755,29896.16,0.7045817,1.071433,0.988946,8.439,29201.8,0.0234998,0.0131628
AUT,1998,,,30808.45,0.4731604,,,8.439,29896.16,0.0300587,0.0090065
BEL,1975,16.34984,104.7795,18768.42,,0,0.1955444,7.878,,,
BEL,1976,16.30277,110.8381,19785.67,0.0717676,0,0.2016542,7.878,18768.42,0.0527819,0.0876327
BEL,1977,16.63682,109.5376,19865.29,0.0625055,0,0.217848,7.878,19785.67,0.0040161,0.0686942
BEL,1978,17.24441,105.6856,20399.42,0.0632668,0,0.230179,7.878,19865.29,0.0265326,0.0437354
BEL,1979,17.39177,116.2898,20828.38,0.0788446,0,0.2472614,7.878,20399.42,0.0208101,0.0437209
BEL,1980,17.55457,117.1688,21712.37,0.0703304,0,0.2635106,7.849,20828.38,0.0415655,0.0643914
BEL,1981,18.3015,126.3526,21427.9,0.0689107,0,0.2725164,7.849,21712.37,-0.0131882,0.0735133
BEL,1982,17.86645,134.4237,21724.18,0.1247359,0,0.2635869,7.849,21427.9,0.013732,0.0836594
BEL,1983,17.40503,137.1891,21725.34,0.1484796,0,0.2585932,7.849,21724.18,0.0000533,0.0738392
BEL,1984,16.96643,146.6429,22271.41,0.1363107,0,0.2548875,7.849,21725.34,0.0248248,0.0615421
BEL,1985,16.98369,140.5551,22479.7,0.1136667,0,0.2481269,8.16,22271.41,0.0093088,0.0475291
BEL,1986,16.79202,126.711,22805.06,0.1498933,0,0.2501014,8.16,22479.7,0.0143696,0.0128718
BEL,1987,16.13819,122.6466,23326.99,0.1806577,0,0.2669525,8.16,22805.06,0.0226287,0.0154253
BEL,1988,15.10377,129.2056,24346.79,0.1670713,0,0.2854595,8.16,23326.99,0.0427887,0.0115535
BEL,1989,14.37165,138.3847,25131.71,0.1150885,0,0.3217574,8.16,24346.79,0.0317304,0.0305821
BEL,1990,14.0429,134.0965,25817.57,0.0910026,0,0.3468242,8.426,25131.71,0.0269252,0.0339454
BEL,1991,14.38214,130.8702,26129.98,0.0906064,0,0.3539681,8.426,25817.57,0.012028,0.0315816
BEL,1992,14.19793,126.5474,26414.81,0.1180667,0,0.5655318,8.426,26129.98,0.0108415,0.0240086
BEL,1993,14.65022,120.1674,25916.16,0.1569833,0,0.777105,8.426,26414.81,-0.019058,0.0271672
BEL,1994,14.62966,125.6443,26463.84,0.157649,,0.7598884,8.426,25916.16,0.0209125,0.0234997
BEL,1995,14.66217,129.9325,26956.74,0.160679,,0.7450121,8.546,26463.84,0.018454,0.0145616
BEL,1996,14.54467,132.2457,27288.74,0.2313967,0.6357057,0.7530566,8.546,26956.74,0.0122409,0.0203799
BEL,1997,,141.701,28022.55,0.2307099,0.6856281,0.7548343,8.546,27288.74,0.0265352,0.0161439
BEL,1998,,,28802.02,0.2892856,,,8.546,28022.55,0.0274361,0.0094911
BGD,1975,0.8972552,8.092953,204.6299,,50.71,0.0239244,1.021,,,
BGD,1976,1.153727,16.47245,208.1161,,39.8,0.0379124,1.021,204.6299,0.0168932,0.0227109
BGD,1977,1.443358,14.29691,206.0158,,83.33,0.0564543,1.021,208.1161,-0.0101435,0.0470597
BGD,1978,1.382744,15.48461,215.1659,,161.22,0.0565143,1.021,206.0158,0.0434564,0.0515417
BGD,1979,1.782164,16.12416,223.3603,,114.19,0.0639602,1.021,215.1659,0.0373769,0.136887
BGD,1980,1.793647,17.71861,221.2,,112.31,0.0731388,1.681,223.3603,-0.0097191,0.125817
BGD,1981,1.894895,18.76164,238.474,,41.06,0.0827439,1.681,221.2,0.075193,0.1497524
BGD,1982,2.021974,20.01059,240.8199,,41.25,0.0929529,1.681,238.474,0.0097891,0.1179786
BGD,1983,1.616926,19.67355,245.7054,,42,0.1126556,1.681,240.8199,0.0200839,0.0898696
BGD,1984,1.858065,18.65111,251.075,0.0059242,45.19,0.1398851,1.681,245.7054,0.0216188,0.1001928
BGD,1985,2.07641,18.97497,254.5327,0.0099943,130.3093,0.166969,1.947,251.075,0.0136774,0.1015877
BGD,1986,3.55472,17.1258,257.8741,0.010748,218.18,0.1707727,1.947,254.5327,0.0130421,0.1046781
BGD,1987,3.221379,17.46746,261.8768,0.0193104,210.9,0.1681448,1.947,257.8741,0.0154026,0.0908425
BGD,1988,3.323185,18.24834,263.3864,0.0097965,271.86,0.1829363,1.947,261.8768,0.0057483,0.0892982
BGD,1989,3.889341,19.07854,264.4385,0.011864,209.89,0.2054405,1.947,263.3864,0.0039863,0.0956223
BGD,1990,3.968931,19.91496,276.4039,0.0138842,214.8311,0.2126924,2.192,264.4385,0.0442546,0.0775805
BGD,1991,3.9028,19.12021,280.2506,0.0108034,199.2114,0.2062773,2.192,276.4039,0.0138209,0.0697452
BGD,1992,4.190073,20.31896,289.3559,0.0383423,135.9815,0.1985614,2.192,280.2506,0.0319732,0.0419561
BGD,1993,4.654352,23.19207,297.8707,0.0379965,67.22563,0.1929446,2.192,289.3559,0.0290023,-0.0002852
BGD,1994,4.611504,23.06847,304.5775,0.1420759,,0.1986279,2.192,297.8707,0.0222661,0.0354285
BGD,1995,4.572362,28.45371,316.4144,0.1322165,,0.2318954,2.32,304.5775,0.0381269,0.056235
BGD,1996,4.404386,30.04535,326.9521,0.246081,18.66479,0.2599108,2.32,316.4144,0.0327611,0.0266955
BGD,1997,4.33111,30.73618,340.7722,0.1253184,19.14635,0.2773296,2.32,326.9521,0.0414004,0.0548975
BGD,1998,4.129763,32.57467,354.1376,0.6146434,,,2.32,340.7722,0.0384714,
BRA,1975,10.65753,19.0411,3463.846,,49.39,,2.78,,,
BRA,1976,10.52365,16.48649,3713.475,,25.96,,2.78,3463.846,0.0695883,
BRA,1977,9.437086,15.16556,3792.857,,25.23,,2.78,3713.475,0.0211516,
BRA,1978,9.621212,14.54545,3823.484,,26.67,,2.78,3792.857,0.0080424,
BRA,1979,9.772727,16.31818,3987.875,,8.16,,2.78,3823.484,0.0420965,
BRA,1980,9.2,20.37778,4253.051,0.445429,1.98,0.1005775,2.976,3987.875,0.0643781,
BRA,1981,9.316143,19.21525,3976.615,0.5501264,23.63,0.0974227,2.976,4253.051,-0.0672058,0.7017336
BRA,1982,10,15.86957,3913.715,0.491465,72.16,0.0977715,2.976,3976.615,-0.0159439,0.6958614
BRA,1983,9.662289,20.42683,3701.164,0.3951179,37.2,0.0954045,2.976,3913.715,-0.0558395,0.854533
BRA,1984,8.283476,21.47436,3816.979,0.4336398,18.56,0.0849119,2.976,3701.164,0.0308118,1.072001
BRA,1985,9.869913,19.34201,4039.042,0.5997414,40.08602,0.0770928,3.222,3816.979,0.0565484,1.181701
BRA,1986,10.67387,15.17156,4278.445,0.6972027,111.48,0.1221877,3.222,4039.042,0.057582,0.904793
BRA,1987,12.16369,15.65275,4350.673,0.3292452,36.11,0.1532039,3.222,4278.445,0.0167408,1.188864
BRA,1988,12.5919,16.58075,4268.791,0.6707245,56.86,0.183982,3.222,4350.673,-0.0189999,1.986662
BRA,1989,14.26366,13.24375,4333.062,0.3368997,172.94,0.2545426,3.222,4268.791,0.0149438,2.728325
BRA,1990,19.29206,15.16175,4078.132,0.1710406,31.52757,0.1917108,3.762,4333.062,-0.0606354,3.416982
BRA,1991,17.89968,16.59092,4065.276,0.4999513,28.25558,0.1565604,3.762,4078.132,-0.0031575,1.672947
BRA,1992,17.06303,19.25335,3982.88,0.4201126,14.98334,0.1852869,3.762,4065.276,-0.0204764,2.352944
BRA,1993,17.66402,19.59932,4116.438,0.7246887,18.127,0.2303967,3.762,3982.88,0.0329829,3.009627
BRA,1994,17.86572,18.67476,4297.651,0.7616528,,0.2678583,3.762,4116.438,0.0430806,3.080022
BRA,1995,19.59978,17.21327,4417.509,0.4665715,,0.2792934,4.175,4297.651,0.0275072,0.50686
BRA,1996,19.20869,16.30094,4480.266,0.6076403,1.756044,0.2630639,4.175,4417.509,0.0141064,0.1463282
BRA,1997,18.12177,17.74029,4562.169,0.8517795,1.6707,0.2502354,4.175,4480.266,0.0181159,0.0669743
BRA,1998,13.91696,16.70219,4524.599,0.7028736,,0.269183,4.175,4562.169,-0.0082693,0.0314937
CAN,1975,22.01301,47.03707,14534.7,,0,0.3036074,9.539,,,
CAN,1976,21.92966,45.37577,15129.34,0.0914314,0,0.3120305,9.539,14534.7,0.0400974,0.0723961
CAN,1977,22.50258,46.91083,15455.08,0.0951139,0,0.3394002,9.539,15129.34,0.0213012,0.0768783
CAN,1978,22.0809,50.08202,15919.57,0.1390008,0,0.3739009,9.539,15455.08,0.0296118,0.0853778
CAN,1979,21.35593,53.54263,16416.66,0.1939366,0,0.4001664,9.539,15919.57,0.0307473,0.087503
CAN,1980,21.55009,54.61409,16422.59,0.2611393,0,0.4146209,10.225,16416.66,0.0003615,0.0969732
CAN,1981,21.47855,53.49875,16723.66,0.2067079,0,0.4590305,10.225,16422.59,0.0181666,0.1174488
CAN,1982,23.19818,47.77526,16019.97,0.155817,0,0.5178065,10.225,16723.66,-0.0429886,0.1025869
CAN,1983,23.03955,48.02394,16321.76,0.2333298,0,0.4691492,10.225,16019.97,0.0186633,0.056533
CAN,1984,22.14781,54.19358,17092.43,0.1864094,0,0.4351505,10.225,16321.76,0.0461363,0.0424733
CAN,1985,22.17755,54.74392,17849.92,0.2827005,0,0.4369155,10.398,17092.43,0.0433634,0.0387487
CAN,1986,22.11278,55.2988,18134.37,0.3638304,0,0.4363788,10.398,17849.92,0.0158099,0.0408914
CAN,1987,21.45314,53.02108,18627.76,0.3889249,0,0.4257756,10.398,18134.37,0.0268439,0.0427228
CAN,1988,21.24418,53.3465,19282.56,0.2887848,0,0.4277883,10.398,18627.76,0.0345484,0.0394386
CAN,1989,21.43697,51.95778,19400.09,0.3367474,0,0.4479144,10.398,19282.56,0.0060764,0.0487427
CAN,1990,22.68038,52.15009,19159.91,0.2649254,0,0.4809275,10.504,19400.09,-0.0124573,0.0465465
CAN,1991,24.13496,51.50763,18574.14,0.3066227,0,0.5134638,10.504,19159.91,-0.0310498,0.0546325
CAN,1992,24.55807,55.32046,18466.11,0.3260597,0,0.5172424,10.504,18574.14,-0.0058334,0.0149462
CAN,1993,23.86764,61.45226,18667.78,0.4982216,0,0.5441333,10.504,18466.11,0.0108619,0.0182462
CAN,1994,22.53618,68.42016,19193.79,0.5002888,,0.5610726,10.504,18667.78,0.0277881,0.0018512
CAN,1995,21.67319,73.49065,19363.09,0.5368311,,0.5766831,11.183,19193.79,0.0087815,0.0214505
CAN,1996,20.8471,75.26385,19369.62,0.6205497,0.1062508,0.604512,11.183,19363.09,0.0003374,0.0156312
CAN,1997,,79.66756,19874.82,0.6728049,0.9846068,0.653863,11.183,19369.62,0.0257475,0.0160874
CAN,1998,,,20267.95,0.6679604,,0.6866345,11.183,19874.82,0.0195872,0.0098215
CHL,1975,15.66964,52.84821,1842.097,,4.71,0.0469274,5.554,,,
CHL,1976,13.98466,45.92082,1875.561,,9.07,0.0576637,5.554,1842.097,0.0180034,1.13722
CHL,1977,14.5745,43.04376,2008.07,,1.22,0.1106065,5.554,1875.561,0.068266,0.652024
CHL,1978,14.42859,44.50862,2125.975,,2.38,0.1647018,5.554,2008.07,0.0570563,0.3373442
CHL,1979,14.29582,49.3846,2276.398,0.0356934,5.13,0.200368,5.554,2125.975,0.068364,0.2878544
CHL,1980,12.45081,49.79783,2425.237,0.068462,5.9,0.2836231,5.956,2276.398,0.0633348,0.3011288
CHL,1981,13.15108,43.17142,2501.978,0.0446766,10.26,0.3956326,5.956,2425.237,0.0311524,0.1797086
CHL,1982,15.31652,40.62206,2209.633,0.0287375,27.45,0.5535318,5.956,2501.978,-0.124255,0.0947741
CHL,1983,14.18749,45.32737,2093.267,0.0179877,17.71,0.5742775,5.956,2209.633,-0.0541008,0.2411683
CHL,1984,14.46643,49.57657,2224.891,0.020843,9.17,0.5606862,5.956,2093.267,0.0609819,0.1811484
CHL,1985,13.4165,53.86052,2345.496,0.0283542,25.29669,0.5196913,6.037,2224.891,0.0527892,0.2582168
CHL,1986,12.58092,55.12009,2436.864,0.0974783,13.63,0.4633737,6.037,2345.496,0.0382149,0.1874304
CHL,1987,10.88199,57.66452,2555.075,0.1064289,19.68,0.424214,6.037,2436.864,0.0473696,0.1813912
CHL,1988,10.36425,62.17459,2696.354,0.1027363,29.45,0.3958425,6.037,2555.075,0.0538189,0.1369616
CHL,1989,10.08733,67.13593,2930.853,0.101597,19.38,0.4114158,6.037,2696.354,0.083393,0.1572825
CHL,1990,9.754709,65.97195,2987.244,0.0638882,18.09075,0.4182959,7.138,2930.853,0.0190578,0.231342
CHL,1991,9.665711,61.83849,3171.883,0.0906485,10.31699,0.3824109,7.138,2987.244,0.059974,0.1970851
CHL,1992,9.673893,59.93579,3502.116,0.0675985,8.939072,0.3932242,7.138,3171.883,0.099042,0.1434842
CHL,1993,10.03354,57.44501,3685.213,0.0750212,8.610796,0.4378348,7.138,3502.116,0.050961,0.1197966
CHL,1994,9.948696,57.28939,3833.438,0.0946817,,0.4556353,7.138,3685.213,0.0394338,0.1083171
CHL,1995,9.8291,59.27735,4176.377,0.1525012,,0.461915,7.531,3833.438,0.0856822,0.0791355
CHL,1996,10.18446,58.44061,4419.236,0.1194723,9.463853,0.523127,7.531,4176.377,0.0565227,0.0710035
CHL,1997,9.974574,56.11641,4665.591,0.1046396,12.16844,0.549908,7.531,4419.236,0.0542477,0.0595439
CHL,1998,6.226712,53.87637,4795.947,0.0722336,,0.5866737,7.531,4665.591,0.0275567,0.0498172
COL,1975,8.930907,29.82894,1394.73,,4.26,0.1274053,3.977,,,
COL,1976,8.206362,30.94106,1428.068,,3.37,0.1222867,3.977,1394.73,0.0236215,0.1842536
COL,1977,7.711967,30.06438,1453.518,0.0680434,0.24,0.120313,3.977,1428.068,0.0176642,0.2855816
COL,1978,8.556444,30.42474,1540.992,0.1350336,0.73,0.1094563,3.977,1453.518,0.0584396,0.163717
COL,1979,9.317643,28.66203,1587.683,0.1164711,1.7,0.105379,3.977,1540.992,0.0298494,0.2207126
COL,1980,10.09252,31.81579,1616.244,0.1091057,1.14,0.1134962,3.939,1587.683,0.0178295,0.235394
COL,1981,10.43365,27.27011,1616.399,0.2120652,0.3,0.133349,3.939,1616.244,0.000096,0.2428253
COL,1982,10.92317,26.10515,1596.62,0.0663406,0.3,0.1370804,3.939,1616.399,-0.0123123,0.2195341
COL,1983,10.95457,23.69981,1587.641,0.0585396,20.54,0.1416385,3.939,1596.62,-0.0056392,0.1803246
COL,1984,11.03658,24.34903,1606.927,0.0580679,20.29,0.1385204,3.939,1587.641,0.0120744,0.1496019
COL,1985,10.69831,26.33336,1622.775,0.0502691,15.24268,0.1385178,4.147,1606.927,0.0098137,0.215456
COL,1986,9.808486,30.83088,1682.822,0.0772929,11.37,,4.147,1622.775,0.0363344,0.1729169
COL,1987,8.703919,29.86639,1738.035,0.0769805,15.66,,4.147,1682.822,0.0322831,0.20946
COL,1988,10.07929,30.14411,1773.266,0.0507663,14.63,0.1273801,4.147,1738.035,0.020068,0.2477256
COL,1989,10.55499,31.82296,1798.12,0.0635107,14.08,,4.147,1773.266,0.0139183,0.2298023
COL,1990,10.26566,35.38912,1834.073,0.0558947,13.73614,,4.374,1798.12,0.0197977,0.2557052
COL,1991,10.2829,35.25023,1841.549,0.0727532,4.429121,0.1313964,4.374,1834.073,0.0040681,0.2653978
COL,1992,11.83078,33.46829,1876.458,0.1103511,6.789485,0.1288465,4.374,1841.549,0.0187787,0.2392753
COL,1993,11.6364,35.18888,1939.852,0.0973406,2.058748,0.1454082,4.374,1876.458,0.0332257,0.2038298
COL,1994,13.19839,35.00703,2013.223,0.1855985,,0.1671099,4.374,1939.852,0.0371253,0.2138363
COL,1995,15.03796,35.51161,2089.421,0.076633,,0.183852,4.68,2013.223,0.0371498,0.1902819
COL,1996,16.04364,34.00513,2091.796,0.0776982,7.923615,0.1930754,4.68,2089.421,0.0011363,0.1843088
COL,1997,16.34154,33.39616,2115.081,0.1007109,16.02072,,4.68,2091.796,0.01107,0.1727893
COL,1998,9.310536,37.80423,2127.468,0.0906138,,,4.68,2115.081,0.0058392,0.1852733
DEU,1975,20.65527,42.52785,19213.49,,0,0.7476513,7.732,,,
DEU,1976,19.90346,44.44018,20334.44,0.2013845,0,0.7333125,7.732,19213.49,0.0567033,0.0420686
DEU,1977,19.60818,44.80039,20957.59,0.2211476,0,0.7530218,7.732,20334.44,0.030185,0.0362459
DEU,1978,19.77053,45.27744,21611.82,0.2524392,0,0.7686363,7.732,20957.59,0.0307396,0.0265075
DEU,1979,19.60788,46.31119,22512.7,0.1803007,0,0.7921547,7.732,21611.82,0.0408391,0.0403352
DEU,1980,19.92294,47.87459,22657.07,0.1979611,0,0.8295844,8.405,22512.7,0.0063924,0.0527856
DEU,1981,20.26732,48.90175,22636.86,0.2008823,0,0.8647406,8.405,22657.07,-0.0008923,0.0613303
DEU,1982,20.27549,50.17682,22439.96,0.2188985,0,0.8871118,8.405,22636.86,-0.0087364,0.0513287
DEU,1983,19.96438,49.3856,22914.62,0.4349885,0,0.8936589,8.405,22439.96,0.0209318,0.0322348
DEU,1984,19.90243,51.31565,23654.97,0.3673757,0,0.9082253,8.405,22914.62,0.0317982,0.0237937
DEU,1985,19.90892,53.41356,24194.91,0.5484617,0,0.9284465,8.979,23654.97,0.0225691,0.0215886
DEU,1986,19.94656,52.61217,24745.37,0.617162,0,0.9210123,8.979,24194.91,0.0224962,-0.0012509
DEU,1987,19.95901,52.91488,25106.46,1.572085,0,0.9256045,8.979,24745.37,0.0144866,0.002417
DEU,1988,19.65146,53.73082,25883.62,1.50481,0,0.9134481,8.979,25106.46,0.0304853,0.0126558
DEU,1989,18.65847,56.69963,26556.43,2.034341,0,0.9121323,8.979,25883.62,0.0256616,0.0274033
DEU,1990,18.04556,59.36832,27543.03,1.384075,0,0.9341827,9.059,26556.43,0.0364776,0.0266076
DEU,1991,19.50939,51.04115,28566.24,1.011688,0,0.8915049,9.059,27543.03,0.0364761,0.0157976
DEU,1992,20.02047,47.60281,28974.02,1.198006,0,0.9221444,9.059,28566.24,0.0141738,0.0493414
DEU,1993,20.06701,43.53637,28443.58,0.7447774,0,0.9860818,9.059,28974.02,-0.0184771,0.04361
DEU,1994,19.78787,44.85578,29087.35,0.983103,,1.009002,9.059,28443.58,0.0223809,0.0269679
DEU,1995,19.84449,46.50479,29568.33,1.090275,,1.027196,9.571,29087.35,0.0164005,0.0182363
DEU,1996,19.84074,47.19045,29868.85,1.2265,0.7903321,1.066514,9.571,29568.33,0.0101125,0.0147684
DEU,1997,,51.8521,30467.21,1.3719,1.496143,1.106874,9.571,29868.85,0.0198346,0.0173677
DEU,1998,,,31224.65,1.447254,,1.038442,9.571,30467.21,0.0245571,0.0095825
DNK,1975,25.09862,62.65065,23384.19,,0,0.4223298,8.951,,,
DNK,1976,24.58836,63.9493,24834.2,0.01461,0,0.4203318,8.951,23384.19,0.0601617,0.0861777
DNK,1977,24.39658,62.84295,25162.6,0.010122,0,0.4123422,8.951,24834.2,0.0131369,0.1056129
DNK,1978,24.99128,59.20886,25454.19,0.012459,0,0.4027008,8.951,25162.6,0.0115216,0.0953914
DNK,1979,25.54741,62.88595,26289.38,0.0121344,0,0.3825535,8.951,25454.19,0.0322847,0.091768
DNK,1980,27.23154,68.16064,26142.57,0.0108002,0,0.3774443,9.163,26289.38,-0.0055999,0.116051
DNK,1981,28.33478,74.18737,25915.05,0.0100968,0,0.3671178,9.163,26142.57,-0.0087413,0.1110439
DNK,1982,28.8068,74.13429,26718.36,0.0094889,0,0.346147,9.163,25915.05,0.030527,0.0964079
DNK,1983,27.98579,72.48873,27412.68,0.0225808,0,0.3568621,9.163,26718.36,0.0256548,0.0668006
DNK,1984,26.39141,73.97858,28627.17,0.0188388,0,0.3838216,9.163,27412.68,0.0433508,0.0610085
DNK,1985,25.7991,74.85047,29843.35,0.1126207,0,0.4157547,9.42,28627.17,0.0416056,0.0457259
DNK,1986,24.40228,66.16891,30888.19,0.1192986,0,0.4789867,9.42,29843.35,0.0344118,0.0361215
DNK,1987,25.69526,62.58148,30942.72,0.1044399,0,0.5256593,9.42,30888.19,0.001764,0.0391489
DNK,1988,26.27794,63.53234,31284.9,0.2030321,0,0.4987122,9.42,30942.72,0.0109978,0.0446171
DNK,1989,25.94027,67.06669,31349.01,0.4101879,0,0.5016428,9.42,31284.9,0.002047,0.0466234
DNK,1990,25.55776,66.58521,31685.24,0.278498,0,0.5112792,10.127,31349.01,0.0106683,0.0260731
DNK,1991,25.71337,68.5323,32039.1,0.2210437,0,0.4682484,10.127,31685.24,0.0111061,0.0236691
DNK,1992,25.80998,66.43153,32348.05,0.4058144,0,0.4147013,10.127,32039.1,0.0095967,0.0207439
DNK,1993,26.55691,63.39326,32650.09,0.5625278,0,0.3780686,10.127,32348.05,0.0092939,0.0125001
DNK,1994,26.0131,65.76787,33704.2,0.5692371,,0.3194953,10.127,32650.09,0.0317749,0.0197244
DNK,1995,25.62353,66.53505,34604.61,0.4666328,,0.3034234,9.856,33704.2,0.0263643,0.0206219
DNK,1996,25.52447,65.90598,35582.98,0.5402073,0.7845681,0.303198,9.856,34604.61,0.0278807,0.0210235
DNK,1997,,68.17908,37136.69,0.565255,1.017611,0.308889,9.856,35582.98,0.0427379,0.0216116
DNK,1998,,,38079.1,,,0.3276903,9.856,37136.69,0.02506,0.0182766
EGY,1975,24.87543,61.46033,507.083,,0.7,0.1498901,1.32,,,
EGY,1976,24.82533,56.26579,568.8489,,1.37,0.1618792,1.32,507.083,0.11494,0.0981918
EGY,1977,19.51103,55.68073,627.2531,,1.45,0.1661702,1.32,568.8489,0.0977352,0.1198445
EGY,1978,20.54109,58.76468,647.6337,,2.74,0.1729947,1.32,627.2531,0.0319752,0.1050634
EGY,1979,17.09563,78.06375,669.85,,1.35,0.1692164,1.32,647.6337,0.0337286,0.0944403
EGY,1980,15.66891,73.38062,718.5226,,1.33,0.1586476,2.213,669.85,0.0701434,0.1877761
EGY,1981,19.01848,82.17667,726.6519,0.0555396,5.26,0.1887192,2.213,718.5226,0.0112504,0.0981909
EGY,1982,17.82397,68.96684,778.2351,0.0276401,8,0.2444648,2.213,726.6519,0.0685811,0.1382212
EGY,1983,17.21142,61.91146,814.3887,0.0364784,-1.69,0.2489226,2.213,778.2351,0.0454091,0.1491086
EGY,1984,18.03256,58.16376,841.8726,0.0942129,-3.62,0.2472044,2.213,814.3887,0.033191,0.1573145
EGY,1985,17.24013,51.95581,874.6559,0.0628256,104.8526,0.2473505,2.934,841.8726,0.0382019,0.1142814
EGY,1986,16.52936,41.326,875.501,0.0583054,3.63,0.2797335,2.934,874.6559,0.0009657,0.2140163
EGY,1987,14.25341,35.325,875.7661,0.0633463,-9.02,0.2780639,2.934,875.501,0.0003028,0.179765
EGY,1988,13.93534,52.47952,900.3156,0.0305304,-1.25,0.269721,2.934,875.7661,0.0276463,0.1626583
EGY,1989,12.63167,50.24488,923.1987,0.0521089,-10,0.2458227,2.934,900.3156,0.0250992,0.1927824
EGY,1990,11.2859,52.76088,953.79,0.072074,70.13581,0.2323015,3.573,923.1987,0.032599,0.1549193
EGY,1991,11.19158,63.61129,942.9533,0.0629713,10.39212,0.2291389,3.573,953.79,-0.0114268,0.1802239
EGY,1992,10.42401,60.86217,963.8497,0.0658773,1.494757,0.1991269,3.573,942.9533,0.0219186,0.1278428
EGY,1993,10.17423,58.39298,971.241,0.0479099,1.792176,0.2194165,3.573,963.8497,0.0076393,0.11413
EGY,1994,10.28571,51.07657,989.5237,0.1869498,,0.2422553,3.573,971.241,0.0186492,0.0783881
EGY,1995,10.72812,50.84628,1015.813,0.109471,,0.2864591,4.244,989.5237,0.0262203,0.1461954
EGY,1996,10.37159,46.13615,1047.049,0.2210839,2.53316,0.330543,4.244,1015.813,0.0302865,0.0694057
EGY,1997,10.18338,45.06438,1084.86,0.3349531,0.7750636,0.3696807,4.244,1047.049,0.0354754,0.0452185
EGY,1998,10.27164,42.65562,1119.565,0.2219118,,0.4284324,4.244,1084.86,0.0314891,0.0409365
FIN,1975,17.04402,53.96806,17608.25,,0,0.4253968,7.226,,,
FIN,1976,18.01979,52.60451,17477.87,,0,0.4320204,7.226,17608.25,-0.007432,0.1340296
FIN,1977,18.46435,55.77891,17472.63,,0,0.4416823,7.226,17477.87,-0.0002999,0.1191891
FIN,1978,18.2312,56.52369,17785.85,,0,0.4401815,7.226,17472.63,0.0177674,0.0751015
FIN,1979,17.76744,61.91121,18975.46,,0,0.4297443,7.226,17785.85,0.0647436,0.0720133
FIN,1980,17.97091,67.14792,19924.62,,0,0.4389423,8.329,18975.46,0.0488091,0.1097026
FIN,1981,18.5438,65.35909,20211.28,,0,0.4529458,8.329,19924.62,0.0142851,0.1133978
FIN,1982,18.81889,61.40074,20750.87,,0,0.4729832,8.329,20211.28,0.0263469,0.0913631
FIN,1983,19.31136,60.41671,21184.52,0.0723975,0,0.5013787,8.329,20750.87,0.0206826,0.0803469
FIN,1984,19.31798,59.20183,21707.3,0.0998858,0,0.5234387,8.329,21184.52,0.0243783,0.0682907
FIN,1985,20.19341,58.09914,22346.63,0.1001937,0,0.5693232,7.955,21707.3,0.0290265,0.0570128
FIN,1986,20.52119,52.26342,22802.26,0.214044,0,0.6110672,7.955,22346.63,0.0201843,0.0285874
FIN,1987,20.69147,51.13622,23664.98,0.3847393,0,0.6522913,7.955,22802.26,0.0371368,0.0400053
FIN,1988,20.07616,50.3328,24735.38,0.2841569,0,0.7174217,7.955,23664.98,0.0442383,0.0497087
FIN,1989,19.71651,49.83552,26079.49,0.240697,0,0.7772143,7.955,24735.38,0.0529147,0.0642285
FIN,1990,21.05717,47.61617,25957.29,0.1458084,0,0.8263844,9.48,26079.49,-0.004697,0.0592392
FIN,1991,24.18552,45.16713,23988.49,0.0832855,0,0.9287887,9.48,25957.29,-0.078878,0.040335
FIN,1992,24.84448,52.46677,23008.26,0.1724155,0,0.9334144,9.48,23988.49,-0.0417209,0.0256869
FIN,1993,23.25678,60.71514,22630.02,0.4536003,0,0.8547389,9.48,23008.26,-0.0165759,0.020793
FIN,1994,22.30974,65.0838,23552.51,0.4266124,,0.730912,9.48,22630.02,0.039955,0.0108007
FIN,1995,21.78633,66.98432,24652.06,0.4591873,,0.6352823,9.823,23552.51,0.045628,0.009804
FIN,1996,21.9404,67.35885,25376.35,0.4172184,1.210755,0.5966138,9.823,24652.06,0.028957,0.0061471
FIN,1997,,70.77687,26895.1,0.5316718,1.609672,0.5447534,9.823,25376.35,0.0581268,0.0118795
FIN,1998,,,28230.19,0.5296524,,0.5161167,9.823,26895.1,0.0484478,0.0138945
FRA,1975,16.58414,36.92751,18730.12,,0,0.4040995,6.084,,,
FRA,1976,16.92161,39.89237,19447.49,0.1274528,0,0.411806,6.084,18730.12,0.0375851,0.0918996
FRA,1977,17.18284,40.84986,19984.08,0.1251188,0,0.4430893,6.084,19447.49,0.0272177,0.0907046
FRA,1978,17.57931,39.48853,20564.19,0.2607037,0,0.5804877,6.084,19984.08,0.0286153,0.0884738
FRA,1979,17.59919,41.87905,21139.68,0.1923667,0,0.7015049,6.084,20564.19,0.0276007,0.1011724
FRA,1980,18.13463,44.26932,21373.8,0.1821551,0,0.7111272,6.77,21139.68,0.0110142,0.1269774
FRA,1981,18.80142,46.10194,21504.68,0.1780599,0,0.7136913,6.77,21373.8,0.0061046,0.125163
FRA,1982,19.34073,45.5013,21931.52,0.2193968,0,0.7117335,6.77,21504.68,0.0196543,0.1131365
FRA,1983,19.52164,45.12784,21983.81,0.252801,0,0.7301289,6.77,21931.52,0.0023815,0.0903847
FRA,1984,19.58544,47.64643,22183.97,0.19319,0,0.7448809,6.77,21983.81,0.0090636,0.0739361
FRA,1985,19.36782,47.15918,22509.92,0.2450336,0,0.7548086,7.307,22183.97,0.0145858,0.0566744
FRA,1986,18.92785,41.34467,22983.42,0.4532767,0,0.7588605,7.307,22509.92,0.0208172,0.0250683
FRA,1987,18.8256,41.14437,23400.99,0.5449288,0,0.8100727,7.307,22983.42,0.0180051,0.0323598
FRA,1988,18.4548,42.52645,24342.52,0.3144835,0,0.8397427,7.307,23400.99,0.0394463,0.0266499
FRA,1989,17.9567,45.68644,25129.39,0.3514432,0,0.8769572,7.307,24342.52,0.0318134,0.034385
FRA,1990,17.98044,45.13065,25623.83,0.3412777,0,0.9288467,7.556,25129.39,0.0194846,0.033242
FRA,1991,18.28447,45.0475,25678.99,0.3422036,0,0.964808,7.556,25623.83,0.0021505,0.0316628
FRA,1992,18.8648,44.0262,25833.26,0.3475609,0,0.9739513,7.556,25678.99,0.0059898,0.0233821
FRA,1993,19.8231,41.84116,25360.09,0.4308084,0,0.9683495,7.556,25833.26,-0.0184863,0.0208414
FRA,1994,19.46822,43.40129,25959.18,0.6758513,,0.9026949,7.556,25360.09,0.0233487,0.0164724
FRA,1995,19.26789,44.69143,26402.05,0.7458007,,0.8620323,7.944,25959.18,0.0169162,0.0176249
FRA,1996,19.39539,45.37658,26691.81,0.4956858,1.292998,0.8456463,7.944,26402.05,0.0109153,0.019885
FRA,1997,,,27191.03,0.6389412,1.370205,0.8181266,7.944,26691.81,0.0185303,0.0119315
FRA,1998,,,27978.22,0.6861972,,,7.944,27191.03,0.0285394,0.006703
GBR,1975,22.40457,53.56206,13014.9,,0,0.3067481,8.009,,,
GBR,1976,22.168,58.16979,13309.39,0.3083926,0,0.2670874,8.009,13014.9,0.0223753,0.1530003
GBR,1977,20.72746,59.42042,13604.3,0.2090067,0,0.2635794,8.009,13309.39,0.021916,0.1474019
GBR,1978,20.30474,55.65679,14092.31,0.1596778,0,0.2523473,8.009,13604.3,0.0352436,0.0789588
GBR,1979,20.02922,55.69035,14464.46,0.1918411,0,0.2520501,8.009,14092.31,0.0260651,0.1263306
GBR,1980,21.62451,52.32687,14204.94,0.2005482,0,0.2613235,8.166,14464.46,-0.0181045,0.1652649
GBR,1981,22.23319,50.51421,14014.33,0.1664965,0,0.2923938,8.166,14204.94,-0.0135093,0.1122553
GBR,1982,22.16244,50.75241,14239.91,0.1722521,0,0.3352385,8.166,14014.33,0.0159676,0.082414
GBR,1983,22.15051,52.0913,14730.15,0.2015625,0,0.3655424,8.166,14239.91,0.0338479,0.0450404
GBR,1984,21.92727,57.00433,15063.76,0.2074845,0,0.4125809,8.166,14730.15,0.0223959,0.0483464
GBR,1985,21.14035,56.62236,15546.06,0.2397145,0,0.4479694,8.443,15063.76,0.031515,0.0588858
GBR,1986,21.09913,52.0564,16182.26,0.347636,0,0.4902672,8.443,15546.06,0.0401084,0.0337019
GBR,1987,20.63969,51.93616,16906,0.694409,0,0.6972815,8.443,16182.26,0.043753,0.0406517
GBR,1988,19.94103,49.64918,17701.97,0.7964174,0,0.9050882,8.443,16906,0.0460075,0.0479133
GBR,1989,19.80297,51.64563,18024.67,0.3988377,0,1.030397,8.443,17701.97,0.0180652,0.0750822
GBR,1990,20.56368,51.46746,18031.76,0.3307677,0,1.12318,8.744,18024.67,0.0003936,0.0905313
GBR,1991,21.63218,48.20938,17599.73,0.3427407,0,1.128376,8.744,18031.76,-0.024251,0.0568905
GBR,1992,22.09595,49.34976,17446.38,0.3985288,0,1.118818,8.744,17599.73,-0.0087518,0.0366462
GBR,1993,21.91911,52.59362,17748.82,0.4062809,0,1.091474,8.744,17446.38,0.0171873,0.0155236
GBR,1994,21.62522,54.25775,18450.12,0.7835573,,1.075889,8.744,17748.82,0.0387515,0.024463
GBR,1995,21.27681,57.89684,18889.48,0.7760315,,1.109985,9.032,18450.12,0.0235345,0.033541
GBR,1996,21.07242,59.84958,19262.6,0.3661784,0.4121471,1.154832,9.032,18889.48,0.0195604,0.024192
GBR,1997,,57.84053,19843.04,0.442462,14.5488,1.179019,9.032,19262.6,0.0296879,0.0308424
GBR,1998,,,20316.57,0.5332069,,1.192454,9.032,19843.04,0.0235833,0.0336109
GRC,1975,10.74239,35.98083,8072.418,,2.81,0.2256085,5.674,,,
GRC,1976,10.66859,35.66825,8473.406,0.0453357,5.32,0.2410298,5.674,8072.418,0.0484795,0.1249772
GRC,1977,11.29944,34.58829,8630.232,0.0314242,12.08,0.263607,5.674,8473.406,0.0183389,0.114845
GRC,1978,11.28463,34.652,9090.084,0.0324471,4.83,0.274541,5.674,8630.232,0.0519127,0.1180722
GRC,1979,11.56982,35.08243,9309.052,0.0385983,7.11,0.2738198,5.674,9090.084,0.0238031,0.1743411
GRC,1980,11.5863,38.59044,9378.87,0.0253589,7.43,0.2741908,6.556,9309.052,0.0074721,0.2221413
GRC,1981,12.72544,39.11535,9301.09,0.0220258,7.58,0.2889695,6.556,9378.87,-0.0083277,0.2188061
GRC,1982,12.95557,38.69732,9279.618,0.0186135,20.45,0.2921628,6.556,9301.09,-0.0023112,0.1899501
GRC,1983,13.31875,40.97498,9262.95,0.0124106,16.55,0.2899439,6.556,9279.618,-0.0017978,0.184334
GRC,1984,13.81541,42.33081,9470.791,0.0134416,19.08,0.2737159,6.556,9262.95,0.0221898,0.1693116
GRC,1985,14.44041,44.36379,9729.025,0.0228092,9.609588,0.2670183,6.953,9470.791,0.0269013,0.1764928
GRC,1986,13.69862,43.68021,9856.977,0.0335817,6.44,0.2751135,6.953,9729.025,0.0130658,0.2071852
GRC,1987,13.82262,46.11131,9775.131,0.1705275,10.06,0.2570631,6.953,9856.977,-0.008338,0.1517332
GRC,1988,14.2977,44.24685,10173.62,0.0744856,8.04,0.1757102,6.953,9775.131,0.0399568,0.1268684
GRC,1989,15.18591,45.67036,10509.37,0.1117241,7.74,0.1744723,6.953,10173.62,0.0324685,0.1283931
GRC,1990,15.27054,44.88142,10438.64,0.3752223,0.3065975,0.1728438,7.661,10509.37,-0.0067526,0.1856873
GRC,1991,14.4044,43.14996,10662.26,0.1879179,1.545726,0.1585599,7.661,10438.64,0.0211959,0.177919
GRC,1992,13.92883,43.44934,10639.29,0.1415331,2.689063,0.1594134,7.661,10662.26,-0.0021563,0.1472633
GRC,1993,14.49332,41.30989,10606.68,0.2453225,2.362777,0.1690846,7.661,10639.29,-0.0030696,0.1346576
GRC,1994,13.88929,40.46141,10789.5,0.3758706,,0.1745821,7.661,10606.68,0.0170887,0.1036641
GRC,1995,14.66875,40.55703,10975.33,0.3715118,,0.1911058,8.047,10789.5,0.0170768,0.0856001
GRC,1996,14.32463,39.1516,11242.04,0.4005127,1.296918,0.2126713,8.047,10975.33,0.0240102,0.078776
GRC,1997,,,11546.22,0.7433943,1.718355,0.2261515,8.047,11242.04,0.0266982,0.0539105
GRC,1998,,,11944.33,0.869837,,,8.047,11546.22,0.0338988,0.0465118
IDN,1975,9.036983,45.03228,384.9363,,6.75,0.0994148,2.466,,,
IDN,1976,9.372174,46.05381,398.0389,,1.93,0.082631,2.466,384.9363,0.0334719,0.181148
IDN,1977,9.942692,44.03917,422.4874,,1.69,0.1082276,2.466,398.0389,0.0596098,0.1046894
IDN,1978,10.65097,42.6184,451.2954,0.0633283,2.49,0.1083142,2.466,422.4874,0.0659625,0.077974
IDN,1979,9.542666,53.11606,473.1318,0.1039758,-1.91,0.0791615,2.466,451.2954,0.047252,0.1506611
IDN,1980,10.5247,54.38937,503.8637,0.1858332,1.79,0.0779866,3.086,473.1318,0.0629317,0.1656598
IDN,1981,11.04392,53.06297,534.1079,0.1737159,3.88,0.0881836,3.086,503.8637,0.0582921,0.1155082
IDN,1982,11.53887,49.36115,529.7133,0.170893,0.65,0.1137813,3.086,534.1079,-0.0082619,0.0905851
IDN,1983,10.39832,51.6964,563.8292,0.0983016,0.3,0.1221694,3.086,529.7133,0.0624155,0.1114277
IDN,1984,10.27298,48.61967,593.2494,0.021697,2.33,0.1393924,3.086,563.8292,0.0508635,0.0994425
IDN,1985,11.79143,43.47505,602.7325,0.0286961,-0.4574187,0.1600574,3.648,593.2494,0.0158586,0.0462098
IDN,1986,11.05689,40.72831,627.2217,0.0137366,11.21,0.175094,3.648,602.7325,0.0398267,0.0566374
IDN,1987,9.453056,47.27127,648.8393,0.0421984,15.57,0.192234,3.648,627.2217,0.0338849,0.088702
IDN,1988,8.522673,45.68418,678.0226,0.0257181,15.54,0.2237688,3.648,648.8393,0.0439956,0.0773606
IDN,1989,8.741188,46.52896,726.6511,0.4329135,2.95,0.271732,3.648,678.0226,0.0692658,0.0622013
IDN,1990,8.844052,49.8741,777.9807,0.7721625,0.8378509,0.3677962,3.296,726.6511,0.0682552,0.0752251
IDN,1991,8.314872,50.53055,832.6496,0.398466,3.54711,0.4233365,3.296,777.9807,0.0679112,0.0899371
IDN,1992,8.757697,53.79379,877.4979,0.4136429,26.01071,0.4311998,3.296,832.6496,0.0524616,0.072611
IDN,1993,9.023306,50.52335,925.3463,0.4051856,9.074793,0.447583,3.296,877.4979,0.0530935,0.092422
IDN,1994,8.114175,50.33162,978.7408,0.2935825,,0.4734235,3.296,925.3463,0.0560988,0.0817698
IDN,1995,7.829022,53.95873,1042.046,0.2517693,,0.4893558,4.032,978.7408,0.0626749,0.0901457
IDN,1996,7.566921,52.26469,1105.459,0.4033024,0.0761373,0.5120619,4.032,1042.046,0.059074,0.0766832
IDN,1997,6.866761,56.18987,1140.97,0.6352444,6.179555,0.5377771,4.032,1105.459,0.0316187,0.0651392
IDN,1998,,,962.0264,0.5118889,,0.5330325,4.032,1140.97,-0.1705925,0.4551684
IND,1975,9.272301,11.85446,222.4827,,9.06,0.1487848,2.359,,,
IND,1976,9.586057,12.52723,221.3164,,13.74,0.0801864,2.359,222.4827,-0.0052561,-0.0794155
IND,1977,9.047161,12.22329,231.9005,0.4269497,16.93,0.0885234,2.359,221.3164,0.0467149,0.0799349
IND,1978,9.228039,13.30967,239.7363,,17.83,0.1792609,2.359,231.9005,0.0332316,0.0248635
IND,1979,9.620049,15.11722,222.0639,,15.04,0.2050489,2.359,239.7363,-0.0765748,0.0606542
IND,1980,9.517335,15.3637,231.4673,0.4626701,5.3,0.205163,2.715,222.0639,0.0414736,0.1076451
IND,1981,9.490741,14.81481,241.1599,1.071563,8.79,0.2120336,2.715,231.4673,0.0410215,0.1232358
IND,1982,10.17125,13.80384,244.8432,0.7457339,13.19,0.2240719,2.715,241.1599,0.0151581,0.0759168
IND,1983,10.06682,13.49666,257.4266,0.3325419,27.74,0.231045,2.715,244.8432,0.0501166,0.1121574
IND,1984,10.43165,14.70823,261.3301,0.5730768,16.06,0.2444033,2.715,257.4266,0.0150495,0.0799341
IND,1985,10.99753,13.88791,270.054,0.4894372,16.65872,0.2493366,3.134,261.3301,0.0328378,0.0540671
IND,1986,11.70716,13.53739,277.1581,0.7734933,7.85,0.2598879,3.134,270.054,0.025966,0.0837051
IND,1987,12.12542,14.03996,284.2618,0.4381073,12.99,0.2606877,3.134,277.1581,0.0253074,0.0843291
IND,1988,11.84303,15.25345,306.004,0.6020802,13.72,0.2532598,3.134,284.2618,0.0737027,0.0897015
IND,1989,11.73851,16.55535,319.4928,0.6013818,11.54,0.2614884,3.134,306.004,0.0431366,0.0597716
IND,1990,11.41032,16.88244,330.795,0.6012843,9.620933,0.2557675,3.677,319.4928,0.0347642,0.0859138
IND,1991,11.13609,17.70084,325.6966,0.5624168,14.81858,0.2445596,3.677,330.795,-0.0155326,0.1298894
IND,1992,11.01362,19.11996,337.2292,0.3646807,18.45004,0.2476618,3.677,325.6966,0.0347963,0.1114326
IND,1993,10.96921,21.25428,347.6718,0.2678502,4.495632,0.2249292,3.677,337.2292,0.0304964,0.0616785
IND,1994,10.32954,22.51879,368.8211,0.2416497,,0.2184566,3.677,347.6718,0.0590527,0.097231
IND,1995,10.42693,24.96716,391.6862,0.1072981,,0.2133983,4.165,368.8211,0.0601493,0.0973526
IND,1996,10.21421,24.53539,412.8565,0.2113889,5.868225,0.2117745,4.165,391.6862,0.052639,0.0859675
IND,1997,10.00071,27.0823,426.8278,0.4198817,6.320093,0.2186384,4.165,412.8565,0.0332806,0.0691926
IND,1998,10.5005,28.39667,441.0277,0.5484955,,,4.165,426.8278,0.032727,0.1242586
ISR,1975,43.4054,99.94883,10585.04,,60.56,0.3426709,7.862,,,
ISR,1976,40.72613,107.8782,10487.55,,37.08,0.3740097,7.862,10585.04,-0.0092521,0.2731215
ISR,1977,35.44823,110.1042,10254.52,,-5.78,0.3777884,7.862,10487.55,-0.0224708,0.2972618
ISR,1978,37.99537,125.5759,10524.64,,-0.37,0.45381,7.862,10254.52,0.0260009,0.4091313
ISR,1979,34.13576,118.9413,10902.45,,-6.65,0.5092803,7.862,10524.64,0.0352684,0.5783534
ISR,1980,40.05035,103.1153,11375.17,,0.66,0.4801516,9.115,10902.45,0.0424456,0.8373559
ISR,1981,41.47608,102.4624,11724.92,0.7116982,8.97,0.450688,9.115,11375.17,0.0302835,0.7738052
ISR,1982,38.25771,95.83553,11714.91,0.5815228,1.04,0.4655264,9.115,11724.92,-0.0008544,0.7901121
ISR,1983,35.36825,88.79167,11907.6,0.9695839,3,0.4407054,9.115,11714.91,0.0163147,0.8986869
ISR,1984,38.22682,95.71765,11859.21,0.1306765,33.39,0.4134623,9.115,11907.6,-0.004072,1.555658
ISR,1985,36.26613,102.9293,12053.63,0.1087281,14.49011,0.449321,9.013,11859.21,0.0162609,1.397769
ISR,1986,30.86828,91.80602,12437.25,0.1667922,4.03,0.4487273,9.013,12053.63,0.0313304,0.393026
ISR,1987,33.9638,96.30383,13117.61,0.4390899,10.49,0.4862884,9.013,12437.25,0.0532595,0.1808392
ISR,1988,31.63107,83.26185,13163.19,0.2772064,17.51,0.5176144,9.013,13117.61,0.0034686,0.1507278
ISR,1989,29.37605,82.52975,13054.25,0.5705387,1.38,0.5379892,9.013,13163.19,-0.0083109,0.1843982
ISR,1990,29.99594,80.07578,13521.59,0.9404992,3.207236,0.5229598,9.03,13054.25,0.0351738,0.1584842
ISR,1991,29.67261,75.25268,13712.27,1.769289,8.375638,0.5120265,9.03,13521.59,0.0140036,0.1740033
ISR,1992,28.30689,74.96877,13992.03,0.8257939,2.172357,0.5235728,9.03,13712.27,0.0201966,0.1128646
ISR,1993,28.50742,81.01202,14382.13,0.7537088,0.703867,0.5803427,9.03,13992.03,0.0274989,0.1038548
ISR,1994,27.85739,80.58113,14985.98,0.5976794,,0.6129611,9.03,14382.13,0.0411286,0.1162822
ISR,1995,29.60834,80.36581,15615,0.2636395,,0.6426687,9.062,14985.98,0.0411172,0.0957023
ISR,1996,29.82817,77.80552,15911.49,0.2212265,0.9404725,0.6698347,9.062,15615,0.018809,0.1068488
ISR,1997,29.40403,76.40466,15867.52,0.2651972,1.347597,0.7059522,9.062,15911.49,-0.002767,0.0861876
ISR,1998,,,15802.15,0.2664701,,0.7447015,9.062,15867.52,-0.0041281,0.0529224
ITA,1975,14.34591,41.32477,11968.74,,0,0.7105057,5.281,,,
ITA,1976,13.63183,45.4257,12683.12,0.1329346,0,0.6638445,5.281,11968.74,0.0579741,0.1533859
ITA,1977,14.06818,45.85133,12994.37,0.1204407,0,0.6342174,5.281,12683.12,0.0242441,0.1606824
ITA,1978,14.46654,45.11474,13430.8,0.2467769,0,0.6058998,5.281,12994.37,0.0330344,0.1143049
ITA,1979,14.78869,47.70631,14151.63,0.3151083,0,0.5600352,5.281,13430.8,0.0522793,0.1365759
ITA,1980,14.97663,46.6544,14621.19,0.4510839,0,0.5270726,5.324,14151.63,0.0326417,0.1929034
ITA,1981,16.28562,48.83625,14672.78,0.4351104,0,0.5059921,5.324,14621.19,0.0035228,0.1637714
ITA,1982,16.32446,47.1122,14729.04,0.1257789,0,0.4900835,5.324,14672.78,0.0038269,0.1517161
ITA,1983,16.60281,43.48412,14903.21,0.1895787,0,0.476961,5.324,14729.04,0.0117554,0.1364976
ITA,1984,16.52908,45.80589,15282.53,0.173783,0,0.4780983,5.324,14903.21,0.0251335,0.1029653
ITA,1985,16.65475,46.10847,15707.5,0.3287516,0,0.4869203,5.756,15282.53,0.0274284,0.0880901
ITA,1986,16.43524,38.94103,16152.66,0.4523066,0,0.4832343,5.756,15707.5,0.0279464,0.0563528
ITA,1987,16.84689,38.36825,16651.07,0.2471127,0,0.4889599,5.756,16152.66,0.0303894,0.046237
ITA,1988,17.06698,37.96268,17286.98,0.2483743,0,0.4990095,5.756,16651.07,0.0374793,0.0498654
ITA,1989,16.80458,40.16734,17771.72,0.2545223,0,0.5175984,5.756,17286.98,0.0276546,0.0603584
ITA,1990,17.56086,40.0452,18141.14,0.2653624,0,0.5323553,6.162,17771.72,0.020574,0.0629398
ITA,1991,17.60053,37.98859,18337.35,0.1621097,0,0.5615852,6.162,18141.14,0.0107575,0.0610951
ITA,1992,17.66517,39.34541,18405.93,0.1941959,0,0.5987124,6.162,18337.35,0.0037331,0.0495513
ITA,1993,17.63399,42.43132,18132.65,0.4937312,0,0.6194117,6.162,18405.93,-0.0149586,0.0437899
ITA,1994,17.116,45.07429,18503.18,0.7443328,,0.5977214,6.162,18132.65,0.0202284,0.0394843
ITA,1995,16.06051,51.2474,19019.38,0.444111,,0.5711982,6.6,18503.18,0.0275157,0.0511148
ITA,1996,16.34035,48.17212,19086.34,0.4360872,0.1654616,0.5599902,6.6,19019.38,0.0035146,0.0388841
ITA,1997,,50.31563,19326,0.656113,0.8946232,0.5603943,6.6,19086.34,0.0124783,0.0202251
ITA,1998,,,19590.13,1.040041,,0.5784995,6.6,19326,0.0135747,0.0193896
JAM,1975,18.34718,80.87602,1818.906,,21.98,0.2340693,3.375,,,
JAM,1976,20.84631,66.9374,1680.793,,46.15,0.2361379,3.375,1818.906,-0.0789699,0.0934325
JAM,1977,20.72911,58.14914,1623.47,,56.25,0.2001459,3.375,1680.793,-0.0346994,0.1060792
JAM,1978,20.06475,77.88302,1616.034,,44.97,0.1671258,3.375,1623.47,-0.0045909,0.2993619
JAM,1979,19.27705,100.4393,1568.595,,21.91,0.1665015,3.375,1616.034,-0.0297951,0.2552567
JAM,1980,20.24261,102.1076,1458.445,,40.45,0.1809895,3.602,1568.595,-0.0728096,0.2414403
JAM,1981,20.63351,102.9961,1475.342,0.0222545,47.75,0.2006598,3.602,1458.445,0.0115195,0.1199116
JAM,1982,21.95292,86.68337,1468.249,0.0392954,65.17,0.2489133,3.602,1475.342,-0.0048197,0.0634012
JAM,1983,20.1081,78.72362,1474.366,0.0342852,8.84,0.272051,3.602,1468.249,0.0041575,0.1095905
JAM,1984,16.47166,117.1887,1436.618,0.0546992,13.59,0.2553586,3.602,1474.366,-0.0259358,0.2454119
JAM,1985,14.89083,121.555,1352.709,0.1032153,12.85897,0.2244779,4.126,1436.618,-0.0601829,0.2285136
JAM,1986,15.47323,102.8457,1360.051,0.1703888,18.07,0.2075105,4.126,1352.709,0.0054129,0.140678
JAM,1987,15.00892,100.6526,1456.849,0.1244633,18.18,0.2111626,4.126,1360.051,0.068754,0.0644055
JAM,1988,15.48661,98.71827,1494.693,0.0350184,22.26,0.2414555,4.126,1456.849,0.0256449,0.0794277
JAM,1989,14.06191,103.8252,1584.186,0.1022896,28.09,0.2717614,4.126,1494.693,0.0581497,0.1339148
JAM,1990,14.0319,108.0386,1650.889,0.0340208,31.88994,0.2561615,4.554,1584.186,0.0412432,0.1985245
JAM,1991,12.79154,111.7837,1648.153,0.0985386,34.80908,0.2201561,4.554,1650.889,-0.0016586,0.4125806
JAM,1992,10.50054,139.0656,1657.995,0.1819419,10.26279,0.195016,4.554,1648.153,0.0059536,0.5726536
JAM,1993,13.63548,125.9144,1665.7,0.1417524,15.65492,0.1813256,4.554,1657.995,0.0046365,0.1994242
JAM,1994,13.2309,131.6922,1667.622,0.0978583,,0.214101,4.554,1665.7,0.0011534,0.300574
JAM,1995,13.7496,129.3298,1658.014,0.2239603,,0.2184975,4.923,1667.622,-0.0057783,0.1815608
JAM,1996,15.61821,127.0655,1618.717,0.0246532,8.59043,0.2436632,4.923,1658.014,-0.0239866,0.2343343
JAM,1997,17.81103,114.9607,1570.575,0.0370461,11.35355,0.2489429,4.923,1618.717,-0.0301918,0.0921915
JAM,1998,21.34007,106.6404,1542.25,0.0193252,,0.2636262,4.923,1570.575,-0.0181995,0.0827952
JOR,1975,,,1002.384,,1.01,,2.911,,,
JOR,1976,34.7278,116.2221,1202.053,,2.38,,2.911,1002.384,0.1816498,0.1088545
JOR,1977,27.67593,118.4358,1234.028,,5.76,0.3017716,2.911,1202.053,0.0262525,0.1359853
JOR,1978,30.07828,115.6166,1438.192,,3.02,0.316763,2.911,1234.028,0.1531031,0.0669247
JOR,1979,34.3629,121.6514,1510.898,0.0479371,0.89,0.3974323,2.911,1438.192,0.0493174,0.1331882
JOR,1980,28.82318,124.0532,1730.799,0.0874326,-0.31,0.4275908,2.933,1510.898,0.1358791,0.1053605
JOR,1981,31.06241,140.1824,1743.342,0.1173695,1.72,0.4198555,2.933,1730.799,0.007221,0.0741795
JOR,1982,28.09359,130.8506,1798.688,0.131491,3.15,0.4195242,2.933,1743.342,0.0312538,0.0716511
JOR,1983,25.88724,114.442,1762.678,0.1233859,0.75,0.4856406,2.933,1798.688,-0.0202234,0.0489821
JOR,1984,26.98092,114.3333,1843.382,0.0562667,2.92,0.5318236,2.933,1762.678,0.0447673,0.0377531
JOR,1985,26.31918,113.068,1840.229,0.0727005,2.0115,0.5695592,3.944,1843.382,-0.0017116,0.0294138
JOR,1986,26.18321,84.74764,1897.538,0.070074,3.19,0.5650248,3.944,1840.229,0.0306671,0
JOR,1987,26.56434,93.99167,1882.507,0.1530351,9.73,0.589923,3.944,1897.538,-0.0079531,-0.0020019
JOR,1988,26.68698,112.1931,1783.713,0.1299617,10.34,0.618203,3.944,1882.507,-0.0539072,0.0640373
JOR,1989,26.08659,133.3755,1489.209,0.2930572,4.98,0.6602378,3.944,1783.713,-0.1804522,0.2288291
JOR,1990,24.88101,154.6453,1449.633,0.1990799,5.968946,0.6160675,5.39,1489.209,-0.0269343,0.150075
JOR,1991,25.98858,142.2087,1319.93,0.1968525,9.147389,0.6245388,5.39,1449.633,-0.0937319,0.0783998
JOR,1992,22.63384,137.2631,1454.946,0.4488712,6.053906,0.546684,5.39,1319.93,0.09739,0.0391807
JOR,1993,22.56622,134.5135,1468.285,0.3332592,2.273045,0.5666221,5.39,1454.946,0.0091266,0.0326285
JOR,1994,23.36652,123.3049,1532.435,0.1306418,,0.5994015,5.39,1468.285,0.0427627,0.0345627
JOR,1995,24.05776,127.1556,1571.267,0.1132225,,0.6294264,6.417,1532.435,0.0250247,0.0232587
JOR,1996,25.28931,135.1963,1539.996,0.0639511,1.465678,0.6924095,6.417,1571.267,-0.0201025,0.062986
JOR,1997,25.1317,124.8542,1522.898,0.1009733,2.042068,0.6839381,6.417,1539.996,-0.0111649,0.0299267
JOR,1998,25.24369,121.753,1471.928,0.1153058,,,6.417,1522.898,-0.0340418,0.0433744
JPN,1975,10.03875,25.55243,23304.08,,-0.05,0.8358037,7.36,,,
JPN,1976,9.855847,26.3121,24051.86,0.4015474,-0.27,0.8328974,7.36,23304.08,0.0315839,0.0897167
JPN,1977,9.82814,24.55252,24867.03,0.4753405,0,0.8269256,7.36,24051.86,0.0333302,0.0787653
JPN,1978,9.663456,20.49978,25942.19,0.6038576,0.52,0.8199456,7.36,24867.03,0.0423279,0.0406602
JPN,1979,9.698276,24.03824,27135.31,0.468282,0.13,0.8164572,7.36,25942.19,0.0449653,0.0368732
JPN,1980,9.812679,28.28039,27682,0.5016182,0,0.8241811,8.232,27135.31,0.0199463,0.0749171
JPN,1981,9.918012,28.64903,28349.4,0.564229,0.05,0.8283126,8.232,27682,0.0238235,0.0480364
JPN,1982,9.902524,28.35613,29018.54,0.3492937,0,0.8580309,8.232,28349.4,0.0233291,0.0269755
JPN,1983,9.935905,26.09699,29490.69,0.47986,-0.09,0.8968419,8.232,29018.54,0.0161398,0.0187658
JPN,1984,9.798532,27.26116,30452.15,0.478834,1.15,0.9173997,8.232,29490.69,0.0320819,0.0222457
JPN,1985,9.576629,25.54118,31599.5,0.4246415,-0.8186046,0.9480076,8.507,30452.15,0.0369847,0.020159
JPN,1986,9.654677,18.74487,32316.92,0.8366339,0.13,0.9984735,8.507,31599.5,0.0224498,0.0062173
JPN,1987,9.428019,17.5562,33495.8,0.8793673,1.34,1.055057,8.507,32316.92,0.0358291,0.0011503
JPN,1988,9.140524,17.79494,35419.37,0.7746761,0.32,1.093369,8.507,33495.8,0.0558387,0.0067869
JPN,1989,9.068739,19.78006,36978.94,0.6718426,0.38,1.142848,8.507,35419.37,0.0430897,0.0224964
JPN,1990,9.023953,20.64732,38726.43,0.4330454,0.966674,1.171419,9.224,36978.94,0.0461738,0.0301181
JPN,1991,9.023714,18.73083,40072.61,0.3285892,0.7835525,1.178909,9.224,38726.43,0.0341706,0.0321471
JPN,1992,9.183946,17.89031,40386,0.2285948,0.8183907,1.188411,9.224,40072.61,0.0077901,0.0171231
JPN,1993,9.418002,16.31121,40407.75,0.3525191,0.1179578,1.186555,9.224,40386,0.0005385,0.0125352
JPN,1994,9.544441,16.44124,40529.95,0.3331213,,1.16962,9.224,40407.75,0.0030196,0.0069489
JPN,1995,9.847162,17.32442,40930.64,0.3316326,,1.168331,9.442,40529.95,0.0098378,-0.0009166
JPN,1996,,,42295.49,0.3681213,1.934408,1.145867,9.442,40930.64,0.0328015,0.0013321
JPN,1997,,,42786.42,0.4695138,1.6874,1.14503,9.442,42295.49,0.0115403,0.0169154
JPN,1998,,,41507.68,0.4017159,,1.168729,9.442,42786.42,-0.0303422,0.0064432
KOR,1975,11.01744,63.97649,2695.999,,-2.08,0.3178767,5.768,,,
KOR,1976,10.91496,63.8224,2965.351,0.5289299,6.25,0.2853026,5.768,2695.999,0.0952268,0.142367
KOR,1977,10.77156,63.77295,3220.748,0.7230333,4.58,0.275309,5.768,2965.351,0.0826182,0.0968797
KOR,1978,10.42307,62.69548,3470.033,0.652386,24.58,0.2815554,5.768,3220.748,0.0745504,0.1350543
KOR,1979,9.970567,62.33794,3661.563,0.4693835,20,0.3116803,5.768,3470.033,0.0537258,0.1677565
KOR,1980,11.57637,75.27865,3508.135,0.4243602,10.47,0.3606366,6.808,3661.563,-0.0428053,0.2523149
KOR,1981,11.65733,77.76305,3668.243,0.9116021,0.64,0.3802934,6.808,3508.135,0.0446282,0.19344
KOR,1982,11.53762,71.16647,3886.055,0.6271706,4.17,0.414752,6.808,3668.243,0.0576816,0.0694369
KOR,1983,10.80308,71.33925,4269.482,0.5128437,8.11,0.4269255,6.808,3886.055,0.0940982,0.0336411
KOR,1984,9.990747,70.87226,4582.985,0.7177982,-8.83,0.4315556,6.808,4269.482,0.0708579,0.0227988
KOR,1985,10.11977,66.88947,4835.186,0.61626,-7.182977,0.4501124,8.025,4582.985,0.053569,0.0242926
KOR,1986,10.00132,69.3568,5344.374,1.026452,16.09,0.4531477,8.025,4835.186,0.1001248,0.0271288
KOR,1987,9.670178,72.60027,5903.924,1.081629,12.33,0.4399137,8.025,5344.374,0.0995729,0.030039
KOR,1988,9.509051,68.87682,6506.818,1.287274,9.63,0.4217125,8.025,5903.924,0.0972334,0.0690245
KOR,1989,10.21515,62.75848,6856.098,1.014301,0.06,0.4482784,8.025,6506.818,0.0522878,0.0554348
KOR,1990,10.12983,60.08956,7422.346,0.5987862,1.198987,0.4761784,9.253,6856.098,0.0793568,0.0822951
KOR,1991,10.27629,58.76888,8025.503,0.8058622,1.815451,0.4897785,9.253,7422.346,0.0781292,0.0889263
KOR,1992,10.86154,58.76759,8355.737,1.13565,5.147285,0.5094975,9.253,8025.503,0.040324,0.0604989
KOR,1993,10.76037,58.07061,8757.431,1.71034,-6.193405,0.515052,9.253,8355.737,0.0469542,0.0465729
KOR,1994,10.59734,60.94747,9423.808,1.724101,,0.5271426,9.253,8757.431,0.0733367,0.0602982
KOR,1995,10.25255,67.1771,10142.4,0.9705022,,0.5358465,10.088,9423.808,0.0734855,0.0440352
KOR,1996,10.70322,68.72157,10727.73,1.091317,0.7092174,0.5707251,10.088,10142.4,0.0561071,0.0480718
KOR,1997,11.1375,76.95716,11209.31,1.714339,-2.461052,0.6314025,10.088,10727.73,0.0439128,0.0434357
KOR,1998,,,10459.57,1.825424,,0.693204,10.088,11209.31,-0.0692271,0.0724396
MEX,1975,9.325986,14.72658,2781.555,,0,0.0435093,3.487,,,
MEX,1976,9.946968,16.28366,2778.911,,5.26,0.041252,3.487,2781.555,-0.0009511,0.1466039
MEX,1977,9.783932,18.23899,2885.162,,1.14,0.0813052,3.487,2778.911,0.0375219,0.2546616
MEX,1978,9.93016,19.14586,2993.603,0.227037,1.23,0.1288753,3.487,2885.162,0.0368964,0.1609371
MEX,1979,9.955154,21.1666,3145.968,0.4272225,0.88,0.1376082,3.487,2993.603,0.0496441,0.1669833
MEX,1980,10.03781,23.67956,3431.657,0.2529319,3.18,0.1339771,4.009,3145.968,0.0869216,0.234
MEX,1981,10.75497,23.30732,3621.47,0.3497188,3.89,0.1395426,4.009,3431.657,0.0538368,0.2462982
MEX,1982,10.49992,25.7206,3332.274,0.1776069,7.2,0.119974,4.009,3621.47,-0.083225,0.4632584
MEX,1983,8.800273,28.41788,3155.762,0.456033,20.2,0.0908875,4.009,3332.274,-0.0544252,0.7019048
MEX,1984,9.256853,26.99714,3177.226,0.7844481,20.74,0.0875134,4.009,3155.762,0.0067785,0.5040418
MEX,1985,9.273335,25.87078,3241.32,0.7168088,38.34826,0.0852012,4.489,3177.226,0.0199723,0.4558313
MEX,1986,9.148983,30.93306,2960.335,0.7701128,6.12,0.0774494,4.489,3241.32,-0.0906782,0.621833
MEX,1987,8.798592,32.90975,2998.34,2.023557,29.29,0.0620135,4.489,2960.335,0.0127562,0.84082
MEX,1988,8.413899,38.46572,3023.993,0.4747718,15.3,0.0666344,4.489,2998.34,0.0085194,0.7615611
MEX,1989,8.268569,38.05866,3091.042,0.3399456,11.13,0.0927578,4.489,3023.993,0.0219302,0.1823881
MEX,1990,8.384018,38.30618,3186.921,0.4411409,7.762094,0.1242807,5.875,3091.042,0.030547,0.2362782
MEX,1991,9.077892,35.63733,3261.674,0.4956421,3.744257,0.1526912,5.875,3186.921,0.0231852,0.2042583
MEX,1992,9.930613,35.50965,3318.264,0.3741639,2.705977,0.2069793,5.875,3261.674,0.0172011,0.1441743
MEX,1993,11.0305,34.4213,3321.188,0.3674154,1.798893,0.2598809,5.875,3318.264,0.0008807,0.0930489
MEX,1994,11.55933,38.47871,3405.377,0.4440755,,0.3014673,5.875,3321.188,0.0250332,0.0673387
MEX,1995,10.45068,58.17365,3139.394,0.3070131,,0.2851973,6.366,3405.377,-0.0813259,0.3000993
MEX,1996,9.733385,62.79643,3245.144,0.4173684,0.9283581,0.1784946,6.366,3139.394,0.0331299,0.2954843
MEX,1997,8.351931,60.4689,3412.407,0.39564,0.9560767,0.1522878,6.366,3245.144,0.0502583,0.1875281
MEX,1998,7.903049,63.17966,3509.857,0.2793146,,0.1639237,6.366,3412.407,0.0281572,0.1477991
MYS,1975,17.70632,86.82101,1750.033,,0,0.2533576,3.705,,,
MYS,1976,15.43208,89.2722,1907.752,,-1.97,0.2404708,3.705,1750.033,0.0862914,0.0259963
MYS,1977,16.78903,88.87145,2009.014,,0.42,0.25373,3.705,1907.752,0.0517181,0.0467712
MYS,1978,16.07454,92.54606,2093.957,0.3007076,-0.45,0.271857,3.705,2009.014,0.0414114,0.0474567
MYS,1979,13.94753,103.1535,2237.289,0.1279656,-0.91,0.2803403,3.705,2093.957,0.0662094,0.0358928
MYS,1980,16.52848,112.5872,2347.94,0.2583437,0,0.3259058,4.489,2237.289,0.0482734,0.0646159
MYS,1981,18.09488,110.8621,2450.037,0.2575261,0.45,0.3981836,4.489,2347.94,0.0425649,0.092579
MYS,1982,18.32723,110.4939,2530.866,0.0971009,0.86,0.4340507,4.489,2450.037,0.0324585,0.0565591
MYS,1983,15.74899,108.074,2620.011,0.1852249,0.43,0.4606065,4.489,2530.866,0.0346172,0.0363728
MYS,1984,14.75929,106.6299,2748.719,0.1025365,1.65,0.4924342,4.489,2620.011,0.0479562,0.0382324
MYS,1985,15.2885,104.6831,2643.887,0.1337443,-2.203213,0.5806402,4.877,2748.719,-0.0388847,0.0034585
MYS,1986,16.93857,106.4977,2597.156,0.077671,0.77,0.6906742,4.877,2643.887,-0.0178334,0.007343
MYS,1987,15.3708,113.5699,2656.382,0.2280391,3.9,0.6388775,4.877,2597.156,0.0225484,0.002896
MYS,1988,14.30427,124.8567,2807.593,0.1260842,2.38,0.5875641,4.877,2656.382,0.0553623,0.0252439
MYS,1989,14.39656,140.3131,2975.012,0.2194263,-0.49,0.6031594,4.877,2807.593,0.0579208,0.0277436
MYS,1990,14.00939,150.6245,3164.013,0.2474649,0.3437011,0.6489255,5.541,2975.012,0.0615928,0.0258412
MYS,1991,13.68172,161.9764,3352.22,0.2014865,0.6641043,0.6889814,5.541,3164.013,0.0577819,0.0426604
MYS,1992,13.02032,152.325,3524.768,0.2732556,3.243332,0.7095361,5.541,3352.22,0.0501918,0.0465708
MYS,1993,13.07822,164.1726,3725.087,0.9507332,0.8770737,0.7028104,5.541,3524.768,0.0552756,0.0347548
MYS,1994,12.57975,184.3,3971.499,0.6046148,,0.6880577,5.541,3725.087,0.0640532,0.0365727
MYS,1995,12.63816,194.8827,4236.551,0.3581714,,0.7486259,7.65,3971.499,0.0646061,0.0516666
MYS,1996,11.45678,183.215,4487.994,0.6500161,0.6913264,0.8227048,7.65,4236.551,0.0576563,0.0342913
MYS,1997,11.14113,188.3428,4713.775,0.7226473,3.648649,0.9070843,7.65,4487.994,0.0490833,0.0262769
MYS,1998,11.22023,221.5434,4383.979,0.3054916,,0.9970685,7.65,4713.775,-0.0725324,0.0513613
NLD,1975,16.81442,93.63818,18546.23,,0,0.4182074,7.748,,,
NLD,1976,16.68395,95.7662,19342.83,0.3048962,0,0.4281616,7.748,18546.23,0.0420556,0.086705
NLD,1977,16.82863,91.19662,19673.99,0.3668919,0,0.4831383,7.748,19342.83,0.0169753,0.0627315
NLD,1978,17.17014,87.71375,20013.76,0.4046097,0,0.5493819,7.748,19673.99,0.0171228,0.0399898
NLD,1979,17.60018,96.2868,20319.56,0.3343665,0,0.6067995,7.748,20013.76,0.0151639,0.0412422
NLD,1980,17.38176,102.6575,20401.83,0.171871,0,0.6429199,7.991,20319.56,0.0040408,0.0633644
NLD,1981,17.27526,109.6119,20160.22,0.1497742,0,0.6583893,7.991,20401.83,-0.0119136,0.0653051
NLD,1982,17.32697,107.3393,19833.7,0.1973375,0,0.6547334,7.991,20160.22,-0.0163287,0.0569668
NLD,1983,17.10856,106.9498,20097.06,0.343126,0,0.646733,7.991,19833.7,0.0131913,0.0278391
NLD,1984,16.23614,114.4047,20675.89,0.3763033,0,0.6393529,7.991,20097.06,0.0283947,0.0322105
NLD,1985,15.76115,116.7998,21212.5,0.3738897,0,0.6365343,8.317,20675.89,0.0256221,0.0219956
NLD,1986,15.51638,97.60883,21677.17,0.4367143,0,0.6533301,8.317,21212.5,0.0216689,0.0009998
NLD,1987,15.88785,96.81971,21844.26,0.4622681,0,0.6899803,8.317,21677.17,0.0076787,-0.0071033
NLD,1988,15.39722,101.0815,22271.28,0.3458467,0,0.756363,8.317,21844.26,0.0193596,0.0074363
NLD,1989,14.85514,106.4914,23173.73,0.6607644,0,0.8130604,8.317,22271.28,0.0397216,0.0107635
NLD,1990,14.53489,103.6821,23959.87,0.2866195,0,0.8151181,8.614,23173.73,0.0333611,0.0242446
NLD,1991,14.48661,103.301,24312.09,0.3039408,0,0.8299038,8.614,23959.87,0.0145934,0.0308525
NLD,1992,14.66349,99.63787,24628.02,0.3350877,0,0.8385988,8.614,24312.09,0.012911,0.0313396
NLD,1993,14.82647,94.70643,24651.62,0.4235822,0,0.8715851,8.614,24628.02,0.0009577,0.0255135
NLD,1994,14.33083,95.98548,25277.18,0.7331768,,0.8918868,8.614,24651.62,0.0250593,0.02763
NLD,1995,14.33942,99.93732,25716.6,0.7742131,,0.9310352,8.962,25277.18,0.0172348,0.0190496
NLD,1996,14.03451,100.9271,26458.38,0.9190541,7.460103,1.006105,8.962,25716.6,0.0284364,0.0205514
NLD,1997,,104.8999,27225.4,0.6704714,1.088009,1.059946,8.962,26458.38,0.0285774,0.021335
NLD,1998,,,28056.89,0.7063448,,,8.962,27225.4,0.0300838,0.0196366
NOR,1975,18.66726,78.7672,19022.45,,0,0.3621649,7.712,,,
NOR,1976,19.31075,79.93233,20222.11,,0,0.3477108,7.712,19022.45,0.0611564,0.0877889
NOR,1977,19.50305,78.69983,20858.16,,0,0.3450807,7.712,20222.11,0.030969,0.0865735
NOR,1978,19.7632,72.255,21719.16,,0,0.3090226,7.712,20858.16,0.0404494,0.0783628
NOR,1979,19.26026,77.27374,22580.32,,0,0.3037186,7.712,21719.16,0.0388841,0.0465004
NOR,1980,18.72392,80.33016,23594.51,,0,0.2933322,8.284,22580.32,0.0439352,0.1034243
NOR,1981,19.04498,79.6489,23769.24,0.0306707,0,0.2985689,8.284,23594.51,0.0073784,0.1278395
NOR,1982,19.33858,78.18887,23723.48,0.0331492,0,0.3082643,8.284,23769.24,-0.0019269,0.1077062
NOR,1983,19.33433,76.31546,24457.21,0.2763003,0,0.3144664,8.284,23723.48,0.0304596,0.0807599
NOR,1984,18.43691,77.48017,25849.39,0.2589125,0,0.3366806,8.284,24457.21,0.0553619,0.0608985
NOR,1985,18.14972,78.74471,27112.86,0.2372334,0,0.3918357,8.4,25849.39,0.0477213,0.0551114
NOR,1986,19.35996,72.85357,27975.73,0.1691306,0,0.492972,8.4,27112.86,0.0313292,0.0694026
NOR,1987,20.36187,67.69511,28421.05,0.8102309,0,0.5681676,8.4,27975.73,0.0157927,0.0836602
NOR,1988,20.44338,67.40089,28240.77,0.3704906,0,0.6208919,8.4,28421.05,-0.0063634,0.0648368
NOR,1989,20.37321,73.29363,28379.43,0.6307329,0,0.6262388,8.4,28240.77,0.0048978,0.0445472
NOR,1990,20.76905,74.73463,28840.22,0.5412694,0,0.6292154,10.852,28379.43,0.0161064,0.040307
NOR,1991,21.21601,72.62284,29598.02,0.4814026,0,0.5951298,10.852,28840.22,0.0259366,0.0336349
NOR,1992,22.11434,69.54725,30388.96,0.506898,0,0.5683555,10.852,29598.02,0.0263718,0.023151
NOR,1993,21.84522,70.12579,31034.55,0.3866107,0,0.5525844,10.852,30388.96,0.0210218,0.0224607
NOR,1994,21.50576,70.58622,32553.21,0.275768,,0.5408186,10.852,31034.55,0.047775,0.0138888
NOR,1995,20.94493,70.1032,33624.24,0.6001081,,0.5452281,11.817,32553.21,0.0323711,0.0242671
NOR,1996,20.28041,72.61935,35293.83,0.7011663,0.5068651,0.5518003,11.817,33624.24,0.048461,0.0125084
NOR,1997,,75.4623,36317.61,0.746937,1.14182,0.6049034,11.817,35293.83,0.0285945,0.0254798
NOR,1998,,,36820.95,0.6922537,,0.6715297,11.817,36317.61,0.0137642,0.0223059
NZL,1975,15.59517,54.88925,14027.69,,0,0.1406759,11.002,,,
NZL,1976,14.33541,57.88928,14259.02,,0,0.1357676,11.002,14027.69,0.016357,0.1552163
NZL,1977,15.78385,56.79647,13525.32,,0,0.1534871,11.002,14259.02,-0.0528265,0.1361903
NZL,1978,16.99493,55.04187,13575.75,,0,0.1621907,11.002,13525.32,0.0037215,0.1123988
NZL,1979,16.74245,61.89754,13905.79,,0,0.169479,11.002,13575.75,0.0240201,0.1284311
NZL,1980,17.98017,62.08681,13983.42,,0,0.1741664,11.425,13905.79,0.0055674,0.1577964
NZL,1981,17.88749,62.44667,14512.91,,0,0.1727556,11.425,13983.42,0.0371663,0.1427681
NZL,1982,17.72104,62.35155,14618.23,,0,0.1837048,11.425,14512.91,0.0072308,0.1498922
NZL,1983,16.81449,61.91337,14840.34,,0,0.1811126,11.425,14618.23,0.0150795,0.0709773
NZL,1984,16.09821,70.57388,15436.71,,0,0.1830098,11.425,14840.34,0.0393991,0.0601653
NZL,1985,16.22057,64.61287,15468.32,0.1253495,0,0.2018173,11.431,15436.71,0.002046,0.1431824
NZL,1986,16.31795,55.48104,15792.98,0.1639659,0,0.2187142,11.431,15468.32,0.0207717,0.1241434
NZL,1987,16.43089,52.39779,15729.98,0.1379005,0,0.2666763,11.431,15792.98,-0.0039974,0.146186
NZL,1988,16.58766,50.62526,15603.18,0.077463,0,0.2851064,11.431,15729.98,-0.0080933,0.0618018
NZL,1989,16.57859,53.81931,15674.03,0.2258912,0,0.3488911,11.431,15603.18,0.0045304,0.0722333
NZL,1990,17.012,54.53501,15430.06,0.1710462,0,0.5573798,11.177,15674.03,-0.0156878,0.0536035
NZL,1991,16.97521,56.42813,15046.19,0.2498345,0,0.7142873,11.177,15430.06,-0.0251928,0.0165634
NZL,1992,17.00479,61.14054,15065.23,0.2128748,0,0.7666747,11.177,15046.19,0.0012643,0.0102147
NZL,1993,15.56953,59.29121,15927.93,0.3310874,0,0.7890419,11.177,15065.23,0.0556849,0.0141274
NZL,1994,14.47844,60.39364,16367.31,0.2704092,,0.7759615,11.177,15927.93,0.0272121,0.0237633
NZL,1995,14.38304,58.13058,16759.91,0.2829571,,0.8122315,11.311,16367.31,0.0237035,0.0327268
NZL,1996,14.43496,56.57197,16641.32,0.2506847,0.8123652,0.8839463,11.311,16759.91,-0.0071006,0.0169013
NZL,1997,,,16809.44,0.3816912,3.664198,0.9526144,11.311,16641.32,0.0100514,0.012032
NZL,1998,,,16691.78,0.5602458,,,11.311,16809.44,-0.0070239,0.011889
PAK,1975,10.64436,33.06522,274.0486,,16.67,0.1740636,1.621,,,
PAK,1976,10.86171,30.82976,279.2466,,13.13,0.1849288,1.621,274.0486,0.0187897,0.0691372
PAK,1977,11.16142,28.30221,281.3609,,33.33,0.2094537,1.621,279.2466,0.007543,0.0965183
PAK,1978,10.83557,27.74928,294.8222,,37.88,0.205533,1.621,281.3609,0.0467343,0.0595763
PAK,1979,10.37318,33.44848,296.8737,,23.74,0.2182277,1.621,294.8222,0.0069343,0.0794309
PAK,1980,10.03505,36.57303,317.8033,,27.27,0.2116381,1.737,296.8737,0.0681261,0.112777
PAK,1981,10.16406,35.16801,333.4411,,40.91,0.2045196,1.737,317.8033,0.0480335,0.1122559
PAK,1982,10.34122,31.32228,345.7321,,24.61,0.2063885,1.737,333.4411,0.0361979,0.0573582
PAK,1983,11.41808,34.69196,359.3218,,29.63,0.220453,1.737,345.7321,0.0385541,0.0616787
PAK,1984,12.08689,33.36263,367.4897,0.148813,11,0.2273509,1.737,359.3218,0.0224769,0.0590908
PAK,1985,12.09894,33.17075,384.92,0.1826346,-1.020609,0.2517503,1.824,367.4897,0.0463405,0.0546288
PAK,1986,12.7615,32.40673,395.4207,0.100986,0.58,0.2789607,1.824,384.92,0.0269147,0.0344634
PAK,1987,13.53447,32.8971,409.9879,0.0884601,18.62,0.275745,1.824,395.4207,0.0361774,0.0457493
PAK,1988,15.51017,33.28423,429.7756,0.0794419,9.92,0.2554267,1.824,409.9879,0.0471355,0.0846899
PAK,1989,16.78491,34.42166,439.746,0.079607,-0.56,0.2462992,1.824,429.7756,0.0229341,0.0755179
PAK,1990,15.13676,35.03458,447.843,0.087391,7.375058,0.2374368,2.292,439.746,0.0182453,0.086656
PAK,1991,14.26367,35.41965,460.4356,0.1271037,5.511159,0.2187564,2.292,447.843,0.0277303,0.1114631
PAK,1992,12.84208,37.69454,484.2156,0.1258039,8.889359,0.2175459,2.292,460.4356,0.0503574,0.0908369
PAK,1993,13.01999,38.49932,481.2733,0.1877953,8.26111,0.2348869,2.292,484.2156,-0.006095,0.0950709
PAK,1994,12.021,35.05772,487.526,0.2681943,,0.2297845,2.292,481.2733,0.0129084,0.1166106
PAK,1995,11.64276,35.82272,500.1478,0.2896843,,0.225692,2.377,487.526,0.02556,0.1163917
PAK,1996,12.37986,37.52612,510.8904,0.59093,5.91198,0.2308178,2.377,500.1478,0.0212515,0.0987026
PAK,1997,12.01069,37.2382,496.9814,1.024692,5.882783,0.2424688,2.377,510.8904,-0.0276025,0.1077374
PAK,1998,10.17358,35.77537,511.0688,1.127079,,0.2364317,2.377,496.9814,0.0279514,0.0604173
PER,1975,12.33083,32.78196,2834.685,,55.56,0.1056814,4.005,,,
PER,1976,12.21461,32.30593,2812.105,,30.46,0.0947596,4.005,2834.685,-0.0079976,0.2888042
PER,1977,14.08215,38.64208,2747.494,,11.21,0.07986,4.005,2812.105,-0.0232441,0.3224762
PER,1978,11.15203,40.76802,2682.855,,8.57,0.0657004,4.005,2747.494,-0.0238075,0.4564681
PER,1979,8.624641,46.81948,2764.543,,0.75,0.0489256,4.005,2682.855,0.0299939,0.5109909
PER,1980,10.52279,41.82306,2777.245,,-0.05,0.0554693,5.442,2764.543,0.0045839,0.4646474
PER,1981,10.23331,35.79287,2903.87,,-0.63,0.0731669,5.442,2777.245,0.0445849,0.5620882
PER,1982,11.02126,36.06747,2822.485,0.0393416,-0.07,0.0813146,5.442,2903.87,-0.0284265,0.4974255
PER,1983,11.18922,39.20398,2409.963,0.0418313,3.47,0.0911524,5.442,2822.485,-0.1580065,0.7474027
PER,1984,9.711645,34.75525,2452.235,0.0566556,3.32,0.0812927,5.442,2409.963,0.0173887,0.7429265
PER,1985,9.512486,39.42426,2452.562,0.0649482,34.69462,0.0689425,5.603,2452.235,0.0001333,0.9685034
PER,1986,9.63788,29.26853,2621.92,0.1633833,63.08,0.0584443,5.603,2452.562,0.0667735,0.5761677
PER,1987,9.972,23.68627,2785.455,0.1493677,278.79,0.0497503,5.603,2621.92,0.0605045,0.6196206
PER,1988,7.43928,29.7822,2501.502,,240,0.0404223,5.603,2785.455,-0.10752,2.037344
PER,1989,10.46431,24.64285,2167.262,,185.1,0.0296059,5.603,2501.502,-0.1434267,3.554971
PER,1990,8.201839,23.5628,2011.744,0.1735635,32.69469,0.0281,5.922,2167.262,-0.0744624,4.328318
PER,1991,5.798784,21.75308,2112.506,0.1294669,11.11111,0.0331443,5.922,2011.744,0.0488729,1.628319
PER,1992,6.645594,23.8175,2038.454,0.2076124,12.50866,0.0559331,5.922,2112.506,-0.0356832,0.5511703
PER,1993,6.623286,24.11047,2131.943,0.4421133,6.371208,0.0724585,5.922,2038.454,0.0448417,0.3959533
PER,1994,7.352248,25.5306,2371.257,0.46445,,0.0946604,5.922,2131.943,0.1063866,0.2129873
PER,1995,8.211499,27.7978,2506.696,0.3943376,,0.1206275,6.923,2371.257,0.0555453,0.1055189
PER,1996,7.96623,28.28453,2524.697,0.3128709,3.906389,0.1594917,6.923,2506.696,0.0071555,0.1091943
PER,1997,11.7074,29.4429,2659.696,0.2685815,3.440593,0.1913891,6.923,2524.697,0.0520908,0.0821531
PER,1998,11.71949,28.24767,2649.958,0.1923811,,0.2305816,6.923,2659.696,-0.0036681,0.0699726
PHL,1975,10.73708,48.1265,974.28,,13.18,0.2167928,5.465,,,
PHL,1976,10.79205,44.5745,1034.196,0.5707348,8.87,0.2217151,5.465,974.28,0.0596811,0.0880038
PHL,1977,10.28703,45.18304,1066.479,0.2052326,2.57,0.2306856,5.465,1034.196,0.0307378,0.0943896
PHL,1978,10.05554,45.60391,1096.311,0.3596645,9.76,0.2448879,5.465,1066.479,0.0275883,0.07078
PHL,1979,9.384564,48.19835,1133.055,0.2655048,6.47,0.2617196,5.465,1096.311,0.0329666,0.161552
PHL,1980,9.066294,52.0437,1166.669,0.2096105,3.29,0.2888602,6.056,1133.055,0.0292354,0.1672119
PHL,1981,8.757582,50.99788,1181.515,0.0618341,6.1,0.3021581,6.056,1166.669,0.0126449,0.1229487
PHL,1982,9.120775,46.47972,1195.393,0.0749388,7.42,0.3135805,6.056,1181.515,0.0116771,0.0859819
PHL,1983,8.277947,49.70616,1186.931,0.314776,50,0.2942341,6.056,1195.393,-0.0071035,0.0511903
PHL,1984,7.031713,49.22695,1071.24,0.1161277,1.21,0.249068,6.056,1186.931,-0.1025545,0.3830367
PHL,1985,7.609948,45.85466,967.0679,0.1501908,1.049051,0.2000086,6.532,1071.24,-0.1023032,0.2087645
PHL,1986,7.954021,48.6826,973.5905,0.4661824,2.29,0.1537365,6.532,967.0679,0.0067221,-0.0032539
PHL,1987,8.397191,52.90393,987.7473,0.6796576,8.17,0.1322246,6.532,973.5905,0.0144361,0.0299649
PHL,1988,9.03211,55.27189,1025.492,0.2610271,3.12,0.1396631,6.532,987.7473,0.0375013,0.1153786
PHL,1989,9.529048,58.78238,1059.947,0.3070726,3.61,0.1499335,6.532,1025.492,0.0330458,0.1076594
PHL,1990,10.10388,60.8001,1064.317,0.1354593,5.09862,0.1661361,7.072,1059.947,0.0041146,0.1239965
PHL,1991,9.926603,62.185,1033.984,0.1864948,5.824775,0.1757298,7.072,1064.317,-0.028914,0.1696777
PHL,1992,9.657285,63.15791,1013.77,0.2475587,6.336763,0.1850929,7.072,1033.984,-0.0197434,0.0824505
PHL,1993,10.10928,71.16647,1011.571,0.2549172,1.279016,0.2246625,7.072,1013.77,-0.0021715,0.0665514
PHL,1994,10.79642,73.95956,1031.828,0.2944939,,0.2632929,7.072,1011.571,0.0198271,0.0803065
PHL,1995,11.38775,80.53854,1055.425,0.2585929,,0.3183811,7.334,1031.828,0.0226116,0.0772697
PHL,1996,11.86405,89.80917,1091.766,0.3610605,7.100218,0.4134937,7.334,1055.425,0.0338538,0.0862657
PHL,1997,12.89222,108.4028,1122.783,0.3429558,9.258235,0.5021893,7.334,1091.766,0.0280135,0.0577393
PHL,1998,,123.672,1093.424,0.3078689,,0.5049459,7.334,1122.783,-0.0264966,0.0926231
PRT,1975,13.83562,48.22217,6024.434,,42.34,0.7515786,2.785,,,
PRT,1976,12.69352,43.77534,6259.768,,7.61,0.7641469,2.785,6024.434,0.0383197,0.16763
PRT,1977,12.97242,47.03732,6540.563,,13.15,0.7557414,2.785,6259.768,0.0438802,0.2399351
PRT,1978,12.8743,47.7536,6652.275,0.0016792,4.33,0.7200993,2.785,6540.563,0.0169356,0.2045901
PRT,1979,12.80012,58.92996,6952.472,0.0032699,6.67,0.7291179,2.785,6652.275,0.0441383,0.2120881
PRT,1980,13.43589,62.97908,7193.364,0.0138155,1.62,0.7602882,3.272,6952.472,0.0340617,0.1537614
PRT,1981,13.90709,64.51057,7246.688,0.0125383,9.58,0.8122491,3.272,7193.364,0.0073856,0.1826614
PRT,1982,13.79289,64.73094,7356.251,0.0068487,14.53,0.8367029,3.272,7246.688,0.015006,0.2048183
PRT,1983,13.98701,68.44718,7311.797,0.0140361,7.27,0.8410289,3.272,7356.251,-0.0060614,0.223988
PRT,1984,13.88621,74.85384,7149.557,0.0398828,6.45,0.864122,3.272,7311.797,-0.0224387,0.2569653
PRT,1985,14.34273,71.50999,7333.831,0.0401723,-1.346871,0.799708,3.569,7149.557,0.0254477,0.1767634
PRT,1986,14.19255,62.80074,7638.055,0.0733874,2.66,0.604485,3.569,7333.831,0.040645,0.1103383
PRT,1987,14.01302,69.23901,8139.047,0.3187321,16.27,0.5630873,3.569,7638.055,0.0635301,0.089861
PRT,1988,14.55083,73.42918,8771.408,0.1479193,12.73,0.5175255,3.569,8139.047,0.0748243,0.0914848
PRT,1989,15.05873,75.04156,9250.701,0.2278993,4.78,0.4963142,3.569,8771.408,0.053202,0.1187733
PRT,1990,15.54489,75.17776,9695.653,0.165022,1.539757,0.4791172,4.334,9250.701,0.0469783,0.1254876
PRT,1991,17.24227,69.90812,9949.756,0.3151505,2.659847,0.50397,4.334,9695.653,0.0258703,0.1075165
PRT,1992,17.3077,65.14238,10202.19,0.3492065,4.939826,0.5516974,4.334,9949.756,0.0250546,0.0856424
PRT,1993,17.904,62.4486,10074.74,0.4392376,2.6534,0.6010923,4.334,10202.19,-0.0125716,0.0657902
PRT,1994,17.58407,65.60558,10278.63,0.3643923,,0.612568,4.334,10074.74,0.0200363,0.0480328
PRT,1995,17.67013,68.57446,10544.96,,,0.6536775,4.541,10278.63,0.0255804,0.0404041
PRT,1996,18.14382,69.22168,10876.87,,2.267821,0.7253969,4.541,10544.96,0.0309911,0.0307299
PRT,1997,,71.5497,11259.5,0.6695638,2.246051,0.8056993,4.541,10876.87,0.0345732,0.0213672
PRT,1998,,,11691.56,0.9592636,,,4.541,11259.5,0.0376554,0.0273738
SWE,1975,24.14784,55.86084,21157.36,,0,0.3797733,8.441,,,
SWE,1976,25.23339,56.3356,21305.84,0.0525174,0,0.3805283,8.441,21157.36,0.0069934,0.0978394
SWE,1977,27.88572,55.80298,20889.54,0.0738994,0,0.3974726,8.441,21305.84,-0.0197328,0.108747
SWE,1978,28.32902,54.79147,21193.79,0.047627,0,0.4001383,8.441,20889.54,0.0144596,0.0945866
SWE,1979,28.69789,61.11432,21959.85,0.0420879,0,0.3985236,8.441,21193.79,0.0355075,0.0696172
SWE,1980,29.27235,60.82544,22283.38,0.1508669,0,0.4002345,9.469,21959.85,0.0146254,0.1284247
SWE,1981,29.56944,60.06791,22253.62,0.242745,0,0.4048921,9.469,22283.38,-0.0013363,0.1142955
SWE,1982,29.50465,64.93401,22463.29,0.2559895,0,0.4100842,9.469,22253.62,0.0093779,0.0822988
SWE,1983,28.88026,68.98709,22840.44,0.4046946,0,0.3990491,9.469,22463.29,0.0166502,0.0853213
SWE,1984,28.01878,69.04493,23747.76,0.3017102,0,0.3854683,9.469,22840.44,0.0389553,0.0771565
SWE,1985,27.8968,68.89583,24168.24,0.3063102,0,0.3852019,9.217,23747.76,0.0175513,0.0710856
SWE,1986,27.46555,62.51347,24663.62,0.3957541,0,0.391214,9.217,24168.24,0.02029,0.0414591
SWE,1987,26.71038,63.08662,25351.49,0.2908589,0,0.4173682,9.217,24663.62,0.027508,0.0413565
SWE,1988,26.04445,62.90199,25808.5,0.2199223,0,0.4657689,9.217,25351.49,0.0178663,0.056357
SWE,1989,26.17471,63.46071,26244.49,0.1581988,0,0.5244219,9.217,25808.5,0.0167525,0.0624024
SWE,1990,27.36493,59.46345,26397.03,0.1472161,0,0.5619522,9.571,26244.49,0.0057953,0.0995489
SWE,1991,27.24982,54.30307,25925.43,0.2163911,0,0.5573446,9.571,26397.03,-0.0180271,0.0892688
SWE,1992,27.91854,54.04831,25407.65,0.3245688,0,0.5433857,9.571,25925.43,-0.0201739,0.0226497
SWE,1993,28.07825,61.87101,24699.24,0.4728313,0,0.498031,9.571,25407.65,-0.0282778,0.0453425
SWE,1994,27.18088,68.67465,25342.74,0.7152693,,0.4058495,9.571,24699.24,0.0257195,0.0217635
SWE,1995,25.79928,75.43224,26191.77,0.6011938,,0.3665664,11.235,25342.74,0.0329532,0.0249699
SWE,1996,26.24476,73.24239,26487.76,0.6420746,0.8556176,0.3620973,11.235,26191.77,0.0112374,0.0046989
SWE,1997,,80.5638,26934.33,0.6754931,1.442144,0.3839467,11.235,26487.76,0.0167189,0.0051622
SWE,1998,,,27692.56,0.7369273,,0.4107524,11.235,26934.33,0.0277622,-0.0013614
THA,1975,10.31982,41.34517,862.7084,,2,0.2324518,3.552,,,
THA,1976,10.96681,42.94372,918.6711,0.1622812,0.75,0.2415061,3.552,862.7084,0.0628515,0.0406553
THA,1977,10.63197,45.32838,983.5372,2.065254,-1,0.2560384,3.552,918.6711,0.0682273,0.0732625
THA,1978,11.18394,43.99836,1058.368,2.1161,-1.18,0.2702326,3.552,983.5372,0.0733275,0.0762578
THA,1979,11.95205,51.86974,1089.452,0.7265337,-3.82,0.2908874,3.552,1058.368,0.0289472,0.0943769
THA,1980,12.29211,54.47906,1121.089,0.2308218,-4.99,0.2972035,3.765,1089.452,0.028626,0.1798477
THA,1981,12.7581,53.96867,1163.138,0.095955,-0.65,0.2935955,3.765,1121.089,0.0368207,0.1192307
THA,1982,13.09067,47.54833,1201.596,0.2106957,-4.78,0.3084417,3.765,1163.138,0.0325291,0.0512545
THA,1983,12.87496,47.38449,1245.598,0.275744,2.17,0.3561221,3.765,1201.596,0.0359651,0.0365878
THA,1984,13.16708,48.06927,1295.209,0.2538807,-5.16,0.4067498,3.765,1245.598,0.0390567,0.0086118
THA,1985,13.52797,49.15523,1335.052,0.3187043,-7.702995,0.4359379,4.777,1295.209,0.0302979,0.0240263
THA,1986,12.75493,49.17086,1387.06,0.4783967,-2.41,0.434048,4.777,1335.052,0.0382162,0.0182493
THA,1987,11.32568,57.22799,1494.737,1.123274,3.31,0.4285022,4.777,1387.06,0.0747639,0.0246926
THA,1988,10.04677,67.41347,1665.346,0.7857493,1.03,0.4529637,4.777,1494.737,0.1080823,0.0373428
THA,1989,9.520666,72.40694,1836.499,0.7878607,5.1,0.4991783,4.777,1665.346,0.0978281,0.0521856
THA,1990,9.404615,75.78236,2005.728,0.9185586,1.620853,0.5632043,5.353,1836.499,0.0881464,0.0580501
THA,1991,9.220609,78.47114,2142.337,1.018554,1.511951,0.6227899,5.353,2005.728,0.06589,0.0557636
THA,1992,9.897969,77.95464,2281.641,1.527264,1.788058,0.6663803,5.353,2142.337,0.0629976,0.0398724
THA,1993,9.967075,79.37817,2442.231,0.9178838,2.523088,0.7228407,5.353,2281.641,0.0680173,0.033105
THA,1994,9.760563,81.97105,2630.882,0.6033014,,0.8090796,5.353,2442.231,0.074407,0.0491902
THA,1995,9.859752,89.75809,2830.403,0.4110061,,0.8850268,5.73,2630.882,0.0731,0.0563803
THA,1996,10.16915,84.39041,2956.641,0.3642702,3.899086,0.9386694,5.73,2830.403,0.0436347,0.0565022
THA,1997,10.25025,93.38126,2914.894,0.386939,3.084292,1.109482,5.73,2956.641,-0.0142206,0.054607
THA,1998,,,,0.6997424,,1.221431,5.73,2914.894,,0.077611
TWN,1975,15.7829,82.54171,3327.163,,0,0.457924,5.04,,,
TWN,1976,15.19365,92.86205,3712.276,,0,0.4680222,5.04,3327.163,0.1095253,0.0245933
TWN,1977,15.54014,92.9622,4009.094,1.559513,0,0.4838837,5.04,3712.276,0.0769201,0.0679944
TWN,1978,15.15991,98.30436,4469.858,2.618958,0,0.4991633,5.04,4009.094,0.1087914,0.0560955
TWN,1979,15.42573,105.5035,4742.202,1.230687,0,0.5037367,5.04,4469.858,0.0591449,0.0930835
TWN,1980,15.90546,106.2531,4991.929,0.7995564,0,0.5102861,6.368,4742.202,0.0513207,0.1740267
TWN,1981,16.10701,101.7866,5202.702,0.9662862,0,0.5166027,6.368,4991.929,0.0413558,0.151288
TWN,1982,16.87632,95.11913,5291.308,0.6614392,0,0.5207579,6.368,5202.702,0.0168874,0.0291704
TWN,1983,16.20421,97.48396,5646.081,1.407339,0,0.5687944,6.368,5291.308,0.0648962,0.0135378
TWN,1984,15.86877,101.2569,6152.872,0.921803,0,0.6058394,6.368,5646.081,0.0859573,-0.0003459
TWN,1985,16.14381,94.63293,6368.976,0.4800185,0,0.6493544,6.874,6152.872,0.0345197,-0.0016158
TWN,1986,14.81105,96.39707,7028.99,1.390775,0,0.5947079,6.874,6368.976,0.0986044,0.0070208
TWN,1987,14.40188,97.29167,7840.616,2.792617,0,0.6025911,6.874,7028.99,0.1092744,0.0051479
TWN,1988,15.03938,97.95129,8359.392,3.342975,0,0.7163173,6.874,7840.616,0.0640682,0.0128113
TWN,1989,15.6499,91.68204,8949.319,5.277055,0,0.8618212,6.874,8359.392,0.0681918,0.043104
TWN,1990,17.172,88.37276,9321.973,4.197339,0,0.9480548,7.435,8949.319,0.0407968,0.0404939
TWN,1991,17.39411,90.27711,9922.21,3.285063,0,0.9997577,7.435,9321.973,0.0624014,0.0355236
TWN,1992,17.00923,84.67146,10499.72,2.059502,0,1.137632,7.435,9922.21,0.0565732,0.043674
TWN,1993,15.99453,86.58935,11062.78,2.357796,0,1.264197,7.435,10499.72,0.0522373,0.0289801
TWN,1994,15.06783,86.32635,11672.12,3.200115,0,1.378334,7.435,11062.78,0.0536169,0.0401611
TWN,1995,14.5444,95.59344,12264.36,1.723702,0,1.438954,8.028,11672.12,0.0494945,0.0360718
TWN,1996,14.47409,93.25978,12860.82,2.033904,1.348724,1.423334,8.028,12264.36,0.0474877,0.0302838
TWN,1997,14.48987,95.72757,13555.97,4.391153,2.457351,1.405575,8.028,12860.82,0.0526417,0.0092023
TWN,1998,14.21075,95.8431,14078.03,3.305947,,,8.028,13555.97,0.0377884,0.0168035
URY,1975,14.01501,37.05869,4303.184,,6.23,0.1025987,5.686,,,
URY,1976,14.3969,39.6376,4447.288,,2.5,0.1584635,5.686,4303.184,0.0329391,0.4096098
URY,1977,12.7359,42.55537,4485.354,,-1.66,0.1910649,5.686,4447.288,0.0085229,0.4586658
URY,1978,12.8351,40.00133,4698.443,,-0.14,0.2130163,5.686,4485.354,0.0464138,0.368444
URY,1979,11.98256,38.0001,4960.454,,-0.71,0.2305143,5.686,4698.443,0.054266,0.5118906
URY,1980,12.45282,35.6644,5217.86,,-0.7,0.2905169,5.754,4960.454,0.0505901,0.491495
URY,1981,14.44309,34.23546,5266.752,0.0855418,-3.36,0.3408523,5.754,5217.86,0.0093266,0.293008
URY,1982,15.70432,31.61666,4722.162,0.0703115,-2.22,0.5081899,5.754,5266.752,-0.1091472,0.1738903
URY,1983,14.53063,49.29274,4209.971,0.0599985,0,0.5459945,5.754,4722.162,-0.1148111,0.4000997
URY,1984,13.59334,47.95607,4135.293,0.0441827,3.64,0.381425,5.754,4209.971,-0.0178974,0.4402171
URY,1985,14.44705,47.85657,4167.955,0.0333886,11.93294,0.3411536,6.519,4135.293,0.0078672,0.5436176
URY,1986,14.32828,46.48374,4511.248,0.0844327,10.5,0.3262933,6.519,4167.955,0.0791482,0.5674836
URY,1987,13.22436,40.85464,4844.648,0.1007798,13.88,0.2752444,6.519,4511.248,0.0713008,0.4920511
URY,1988,13.15596,42.99148,4817.082,0.0588743,10.86,0.285073,6.519,4844.648,-0.0057063,0.4836103
URY,1989,13.36832,44.61755,4851.37,0.0398005,11.8,0.3029007,6.519,4817.082,0.0070929,0.5902681
URY,1990,13.91711,46.26895,4848.514,0.0281041,14.78793,0.2775199,6.687,4851.37,-0.0005889,0.7538964
URY,1991,13.47288,43.00346,4972.09,0.0511358,16.2448,0.2281843,6.687,4848.514,0.0251679,0.7029594
URY,1992,12.4844,43.52081,5326.344,0.0381731,24.61883,0.2178099,6.687,4972.09,0.0688249,0.5215033
URY,1993,13.20537,41.95733,5446.059,0.0455621,21.89475,0.2270323,6.687,5326.344,0.022227,0.4324196
URY,1994,12.62075,43.09684,5748.953,0.0547816,,0.2146002,6.687,5446.059,0.0541255,0.3697836
URY,1995,12.66056,40.74074,5606.862,0.0270639,,0.2335589,6.877,5748.953,-0.0250265,0.3523863
URY,1996,13.74347,42.40387,5859.802,0.0177755,1.011937,0.2508375,6.877,5606.862,0.0441246,0.2495455
URY,1997,13.65751,45.43378,6110.128,0.0124952,0.466047,0.2739968,6.877,5859.802,0.041832,0.1808041
URY,1998,7.302191,44.8388,6222.39,,,0.3085032,6.877,6110.128,0.0182062,0.1026553
USA,1975,18.15831,16.37969,19414.35,,0,0.6079593,10.013,,,
USA,1976,17.56803,16.87366,20168.53,0.2186647,0,0.5858593,10.013,19414.35,0.0381109,0.055785
USA,1977,17.19526,17.22059,20817.29,0.1913683,0,0.5960939,10.013,20168.53,0.0316602,0.0628476
USA,1978,16.61732,17.80619,21618.99,0.2647416,0,0.6023907,10.013,20817.29,0.0377884,0.0736913
USA,1979,16.49116,19.28055,21918.56,0.2918803,0,0.6145483,10.013,21618.99,0.0137614,0.1067539
USA,1980,17.09856,21.08158,21584.32,0.334555,0,0.6264381,11.907,21918.56,-0.0153663,0.1267154
USA,1981,17.00721,20.36324,21734.34,0.2953272,0,0.6052961,11.907,21584.32,0.0069262,0.0981744
USA,1982,17.97461,18.47162,21091.68,0.353872,0,0.6197249,11.907,21734.34,-0.0300149,0.0597831
USA,1983,17.93782,17.62431,21612.1,0.4665899,0,0.6100786,11.907,21091.68,0.0243747,0.0316191
USA,1984,17.39119,18.57701,22721.58,0.4155439,0,0.6234186,11.907,21612.1,0.0500618,0.0422667
USA,1985,17.77333,17.64241,23260.32,0.4758121,0,0.6513862,11.711,22721.58,0.0234339,0.0349917
USA,1986,17.98693,17.95412,23717.63,0.7263617,0,0.6769463,11.711,23260.32,0.0194699,0.0184168
USA,1987,18.10252,19.11619,24139.18,0.9208331,0,0.7116662,11.711,23717.63,0.0176175,0.036726
USA,1988,17.63138,20.33082,24822.55,0.6375447,0,0.7215924,11.711,24139.18,0.027916,0.039308
USA,1989,17.2442,20.73029,25398.12,0.637773,0,0.7219902,11.711,24822.55,0.0229227,0.0471412
USA,1990,17.5528,21.18795,25428.82,0.5290784,0,0.7061972,11.999,25398.12,0.0012081,0.052573
USA,1991,17.80455,21.26635,24906.19,0.6107864,0,0.6774377,11.999,25428.82,-0.0207666,0.0414775
USA,1992,17.30843,21.54221,25318.15,0.4844281,0,0.6337348,11.999,24906.19,0.016405,0.0298385
USA,1993,16.75734,21.55731,25655.46,0.6949804,0,0.6154284,11.999,25318.15,0.0132348,0.0290894
USA,1994,16.21176,22.61822,26344.64,0.6962425,,0.6091195,11.999,25655.46,0.0265086,0.0257403
USA,1995,15.98897,24.29339,26768.05,0.8538814,,0.6271867,12.179,26344.64,0.0159441,0.0276678
USA,1996,15.73621,24.64888,27470.74,0.9249825,,0.6392371,12.179,26768.05,0.0259123,0.0288906
USA,1997,,25.63241,28279.88,1.029804,,0.6474525,12.179,27470.74,0.0290293,0.0231078
USA,1998,,,29122.45,1.060075,,0.6788096,12.179,28279.88,0.0293586,0.0154033
VEN,1975,11.45856,50.70089,4198.028,,0,0.1993586,3.378,,,
VEN,1976,12.31104,50.94246,4364.87,,0,0.2494877,3.378,4198.028,0.0389735,0.0732659
VEN,1977,12.22447,53.29039,4474.958,,0,0.2743085,3.378,4364.87,0.0249085,0.0751322
VEN,1978,11.66828,51.98836,4422.999,0.020372,0,0.3019692,3.378,4474.958,-0.0116791,0.0687288
VEN,1979,11.2207,50.59822,4312.742,0.0155185,0,0.2741095,3.378,4422.999,-0.0252439,0.1164897
VEN,1980,11.79315,50.59436,3996.276,0.0225396,0,0.2505234,4.93,4312.742,-0.0762109,0.1950823
VEN,1981,12.73102,48.75944,3872.316,0.0183163,0,0.255074,4.93,3996.276,-0.0315102,0.1488505
VEN,1982,12.51763,46.9257,3692.589,0.0332531,8.14,0.2780838,4.93,3872.316,-0.047525,0.0922208
VEN,1983,11.84256,30.69497,3466.163,0.0228588,202.33,0.2994902,4.93,3692.589,-0.0632798,0.0614528
VEN,1984,10.31117,44.02066,3431.729,,78,0.2372051,4.93,3466.163,-0.009984,0.1095078
VEN,1985,10.43774,40.78251,3359.008,,96.45556,0.2418135,5.295,3431.729,-0.0214185,0.107799
VEN,1986,11.18404,40.29933,3496.147,0.0423477,233.33,0.2673884,5.295,3359.008,0.040016,0.1092431
VEN,1987,10.20965,43.72487,3534.652,0.0826196,165.52,0.2600616,5.295,3496.147,0.0109533,0.2479179
VEN,1988,10.53011,47.92662,3603.522,0.1131822,189.66,0.2506399,5.295,3534.652,0.0192967,0.2582693
VEN,1989,9.560128,55.20908,3245.686,0.0458667,13.05,0.2182088,5.295,3603.522,-0.1045848,0.6122802
VEN,1990,8.424747,59.63142,3354.708,0.4758055,11.40606,0.1488693,4.89,3245.686,0.0330378,0.341145
VEN,1991,9.647678,57.58973,3594.914,0.3354046,6.711243,0.1530148,4.89,3354.708,0.0691554,0.2942018
VEN,1992,9.172314,55.25169,3725.493,0.2703418,8.090571,0.1603752,4.89,3594.914,0.0356792,0.2732479
VEN,1993,8.544188,54.12541,3651.483,0.2383964,4.357049,0.1512677,4.89,3725.493,-0.0200659,0.3229643
VEN,1994,7.226041,53.15232,3487.507,0.1677219,,0.1024627,4.89,3651.483,-0.0459462,0.4751219
VEN,1995,7.135539,48.08255,3537.245,0.1012551,,0.0712211,5.35,3487.507,0.0141611,0.4694978
VEN,1996,5.004602,57.92111,3449.412,0.2056918,12.05507,0.0637603,5.35,3537.245,-0.0251445,0.6925325
VEN,1997,6.253363,49.64323,3551.853,0.314749,-9.564403,0.0847896,5.35,3449.412,0.0292657,0.4057257
VEN,1998,6.391198,35.17377,3445.951,0.1333046,,0.1111818,5.35,3551.853,-0.0302694,0.3058807
ZAF,1975,13.83697,58.5754,3936.511,,6.48,0.4906597,4.411,,,
ZAF,1976,14.87342,57.62492,3892.521,0.033792,33.72,0.4926882,4.411,3936.511,-0.011238,0.1056538
ZAF,1977,15.13393,56.60945,3750.917,0.0380211,11.65,0.4839801,4.411,3892.521,-0.0370564,0.1058879
ZAF,1978,14.44819,59.12098,3773.399,0.0397318,0.88,0.4609021,4.411,3750.917,0.0059758,0.0978958
ZAF,1979,13.82723,62.13187,3824.93,0.0452228,-28.21,0.4388551,4.411,3773.399,0.0135639,0.1227129
ZAF,1980,13.30224,63.62999,4033.717,0.0620165,-23.28,0.3971774,4.816,3824.93,0.0531483,0.1301148
ZAF,1981,13.89561,59.88886,4207.746,0.0319093,-25.23,0.429809,4.816,4033.717,0.0422387,0.1406095
ZAF,1982,15.34937,54.40886,4039.084,0.0334811,-4.94,0.4676148,4.816,4207.746,-0.0409091,0.1368537
ZAF,1983,15.43348,46.5563,3830.934,0.0466751,3.8,0.4867789,4.816,4039.084,-0.0529093,0.1166099
ZAF,1984,16.71967,50.3129,3954.682,0.0367495,0,0.5037344,4.816,3830.934,0.0317917,0.109821
ZAF,1985,17.29692,55.42615,3748.009,0.0519765,7.983779,0.5273052,5.222,3954.682,-0.0536756,0.1503447
ZAF,1986,17.92049,54.27175,3666.915,0.0634172,23.78,0.5114158,5.222,3748.009,-0.0218741,0.1712554
ZAF,1987,18.26234,50.15859,3680.753,0.0823564,17.76,0.4894547,5.222,3666.915,0.0037667,0.1491183
ZAF,1988,17.89242,52.34126,3726.596,0.0387092,5.14,0.4912339,5.222,3680.753,0.0123779,0.1206518
ZAF,1989,18.58094,49.64698,3731.531,0.05488,1.11,0.5078286,5.222,3726.596,0.0013233,0.1368333
ZAF,1990,19.09078,45.19307,3644.704,0.0604054,4.107792,0.4916907,5.137,3731.531,-0.0235433,0.1345058
ZAF,1991,19.72723,42.87557,3533.99,0.0525508,5.886501,,5.137,3644.704,-0.0308478,0.1422293
ZAF,1992,20.50444,42.24833,3385.12,0.0567284,4.845087,,5.137,3533.99,-0.043038,0.1303535
ZAF,1993,20.87551,43.79603,3357.107,0.0707012,7.121593,0.5316763,5.137,3385.12,-0.0083097,0.0921984
ZAF,1994,20.95674,46.01682,3376.457,0.0842849,,0.5353077,5.137,3357.107,0.0057471,0.0863125
ZAF,1995,19.97301,50.10255,3415.463,0.0645182,,0.5225872,8.072,3376.457,0.0114862,0.0824547
ZAF,1996,20.35814,53.73539,3456.22,0.1085346,4.083563,0.5735106,8.072,3415.463,0.0118625,0.0709849
ZAF,1997,21.34324,54.38911,3454.289,0.1809502,1.673701,0.6052738,8.072,3456.22,-0.000559,0.082058
ZAF,1998,21.76878,56.47437,3397.496,0.3011129,,0.6396372,8.072,3454.289,-0.0165779,0.0666459
ZWE,1975,12.05361,47.19525,688.0696,,53.85,,2.147,,,
ZWE,1976,13.85794,41.55902,673.1108,,304.5,,2.147,688.0696,-0.02198,0.1039102
ZWE,1977,16.35176,41.61439,609.896,,108.65,,2.147,673.1108,-0.0986216,0.0980771
ZWE,1978,17.9582,42.00991,576.5463,,86.57,,2.147,609.896,-0.0562329,0.0550362
ZWE,1979,17.90392,44.46149,577.8602,,49.25,,2.147,576.5463,0.0022763,0.1667907
ZWE,1980,18.51118,49.8905,640.6624,,84.13,0.1445354,2.816,577.8602,0.1031707,0.0526099
ZWE,1981,16.19525,45.33041,697.5646,,52.78,0.1474315,2.816,640.6624,0.0850926,0.1235442
ZWE,1982,18.59371,39.1466,691.8394,,51.09,0.1528419,2.816,697.5646,-0.0082413,0.1010646
ZWE,1983,17.29302,35.91589,678.6534,0.1189353,191.94,0.1533142,2.816,691.8394,-0.0192434,0.2079849
ZWE,1984,20.04031,41.36632,642.871,0.028459,80,0.1264157,2.816,678.6534,-0.0541665,0.1835824
ZWE,1985,20.20403,44.21274,664.3259,0.0333228,52.94843,0.0722989,2.828,642.871,0.0328288,0.0815027
ZWE,1986,20.64895,45.56861,655.7825,0.0302168,70.29,0.0698554,2.828,664.3259,-0.0129437,0.1339253
ZWE,1987,23.36869,45.2918,641.8637,0.0396129,50.32,0.0800688,2.828,655.7825,-0.0214531,0.117509
ZWE,1988,27.48999,44.10362,668.7019,0.0528923,47.06,0.0895386,2.828,641.8637,0.0409624,0.0715978
ZWE,1989,18.69071,45.06445,682.3119,0.0386437,76.2,0.100867,2.828,668.7019,0.0201485,0.1211737
ZWE,1990,19.44618,45.66116,708.8372,0.029241,37.06771,0.1058676,4.087,682.3119,0.038139,0.1600995
ZWE,1991,16.11941,51.05204,727.8513,0.0416234,50.01075,0.1118065,4.087,708.8372,0.026471,0.209788
ZWE,1992,24.15773,63.70961,645.2666,0.0175927,32.62915,0.1521298,4.087,727.8513,-0.1204332,0.3511126
ZWE,1993,14.94715,63.16753,638.1404,0.0537226,19.46121,0.1750746,4.087,645.2666,-0.0111053,0.2436388
ZWE,1994,16.69382,71.12062,666.3704,0.1136677,,0.1894028,4.087,638.1404,0.0432873,0.201013
ZWE,1995,17.9717,78.97551,647.8664,0.0749606,,0.2202855,4.428,666.3704,-0.0281611,0.2037064
ZWE,1996,17.09669,72.73737,680.8642,0.0878976,7.44512,0.1990571,4.428,647.8664,0.0496784,0.1941999
ZWE,1997,17.10199,82.27216,688.9962,0.1650761,15.86975,,4.428,680.8642,0.0118729,0.1717327
ZWE,1998,16.90162,90.61823,686.8398,0.0916035,,,4.428,688.9962,-0.0031347,0.2762644